Named character,Unicode equivalent,WL gliph,Unicode equivalent code-points,WL gliph code-points,ESC sequence alias
\[AAcute],LATIN SMALL LETTER A WITH ACUTE,LATIN SMALL LETTER A WITH ACUTE,U+000E1,U+000E1,a'
\[ABar],LATIN SMALL LETTER A WITH MACRON,LATIN SMALL LETTER A WITH MACRON,U+00101,U+00101,a-
\[ACup],LATIN SMALL LETTER A WITH BREVE,LATIN SMALL LETTER A WITH BREVE,U+00103,U+00103,au
\[ADoubleDot],LATIN SMALL LETTER A WITH DIAERESIS,LATIN SMALL LETTER A WITH DIAERESIS,U+000E4,U+000E4,a
\[AE],LATIN SMALL LETTER AE,LATIN SMALL LETTER AE,U+000E6,U+000E6,ae
\[AGrave],LATIN SMALL LETTER A WITH GRAVE,LATIN SMALL LETTER A WITH GRAVE,U+000E0,U+000E0,a`
\[AHat],LATIN SMALL LETTER A WITH CIRCUMFLEX,LATIN SMALL LETTER A WITH CIRCUMFLEX,U+000E2,U+000E2,a^
\[Aleph],ALEF SYMBOL,ALEF SYMBOL,U+02135,U+02135,al
\[AliasDelimiter],,INVALID CHARACTER,,U+0F764,
\[AliasIndicator],,INVALID CHARACTER,,U+0F768,esc
\[AlignmentMarker],,INVALID CHARACTER,,U+0F760,am
\[Alpha],GREEK SMALL LETTER ALPHA,GREEK SMALL LETTER ALPHA,U+003B1,U+003B1,a
\[AltKey],,INVALID CHARACTER,,U+0F7D1,alt
\[And],LOGICAL AND,LOGICAL AND,U+02227,U+02227,&&
\[Angle],ANGLE,ANGLE,U+02220,U+02220,
\[Angstrom],ANGSTROM SIGN,ANGSTROM SIGN,U+0212B,U+0212B,Ang
\[AquariusSign],AQUARIUS,AQUARIUS,U+02652,U+02652,
\[AriesSign],ARIES,ARIES,U+02648,U+02648,
\[ARing],LATIN SMALL LETTER A WITH RING ABOVE,LATIN SMALL LETTER A WITH RING ABOVE,U+000E5,U+000E5,ao
\[AscendingEllipsis],UP RIGHT DIAGONAL ELLIPSIS,UP RIGHT DIAGONAL ELLIPSIS,U+022F0,U+022F0,
\[ATilde],LATIN SMALL LETTER A WITH TILDE,LATIN SMALL LETTER A WITH TILDE,U+000E3,U+000E3,a~
\[AutoLeftMatch],,INVALID CHARACTER,,U+0F3A8,
\[AutoOperand],,INVALID CHARACTER,,U+0F3AE,
\[AutoPlaceholder],,INVALID CHARACTER,,U+0F3A4,
\[AutoRightMatch],,INVALID CHARACTER,,U+0F3A9,
\[AutoSpace],,INVALID CHARACTER,,U+0F3AD,
\[Backslash],SET MINUS,SET MINUS,U+02216,U+02216,\
\[BeamedEighthNote],BEAMED EIGHTH NOTES,BEAMED EIGHTH NOTES,U+0266B,U+0266B,
\[BeamedSixteenthNote],BEAMED SIXTEENTH NOTES,BEAMED SIXTEENTH NOTES,U+0266C,U+0266C,
\[Because],BECAUSE,BECAUSE,U+02235,U+02235,
\[Bet],BET SYMBOL,BET SYMBOL,U+02136,U+02136,be
\[Beta],GREEK SMALL LETTER BETA,GREEK SMALL LETTER BETA,U+003B2,U+003B2,b
\[BlackBishop],BLACK CHESS BISHOP,BLACK CHESS BISHOP,U+0265D,U+0265D,
\[BlackKing],BLACK CHESS KING,BLACK CHESS KING,U+0265A,U+0265A,
\[BlackKnight],BLACK CHESS KNIGHT,BLACK CHESS KNIGHT,U+0265E,U+0265E,
\[BlackPawn],BLACK CHESS PAWN,BLACK CHESS PAWN,U+0265F,U+0265F,
\[BlackQueen],BLACK CHESS QUEEN,BLACK CHESS QUEEN,U+0265B,U+0265B,
\[BlackRook],BLACK CHESS ROOK,BLACK CHESS ROOK,U+0265C,U+0265C,
\[Breve],BREVE,BREVE,U+002D8,U+002D8,bv
\[Bullet],BULLET,BULLET,U+02022,U+02022,bu
\[CAcute],LATIN SMALL LETTER C WITH ACUTE,LATIN SMALL LETTER C WITH ACUTE,U+00107,U+00107,c'
\[CancerSign],CANCER,CANCER,U+0264B,U+0264B,
\[Cap],FROWN,FROWN,U+02322,U+02322,
\[CapitalAAcute],LATIN CAPITAL LETTER A WITH ACUTE,LATIN CAPITAL LETTER A WITH ACUTE,U+000C1,U+000C1,A'
\[CapitalABar],LATIN CAPITAL LETTER A WITH MACRON,LATIN CAPITAL LETTER A WITH MACRON,U+00100,U+00100,A-
\[CapitalACup],LATIN CAPITAL LETTER A WITH BREVE,LATIN CAPITAL LETTER A WITH BREVE,U+00102,U+00102,Au
\[CapitalADoubleDot],LATIN CAPITAL LETTER A WITH DIAERESIS,LATIN CAPITAL LETTER A WITH DIAERESIS,U+000C4,U+000C4,A
\[CapitalAE],LATIN CAPITAL LETTER AE,LATIN CAPITAL LETTER AE,U+000C6,U+000C6,AE
\[CapitalAGrave],LATIN CAPITAL LETTER A WITH GRAVE,LATIN CAPITAL LETTER A WITH GRAVE,U+000C0,U+000C0,A`
\[CapitalAHat],LATIN CAPITAL LETTER A WITH CIRCUMFLEX,LATIN CAPITAL LETTER A WITH CIRCUMFLEX,U+000C2,U+000C2,A^
\[CapitalAlpha],GREEK CAPITAL LETTER ALPHA,GREEK CAPITAL LETTER ALPHA,U+00391,U+00391,A
\[CapitalARing],LATIN CAPITAL LETTER A WITH RING ABOVE,LATIN CAPITAL LETTER A WITH RING ABOVE,U+000C5,U+000C5,Ao
\[CapitalATilde],LATIN CAPITAL LETTER A WITH TILDE,LATIN CAPITAL LETTER A WITH TILDE,U+000C3,U+000C3,A~
\[CapitalBeta],GREEK CAPITAL LETTER BETA,GREEK CAPITAL LETTER BETA,U+00392,U+00392,B
\[CapitalCAcute],LATIN CAPITAL LETTER C WITH ACUTE,LATIN CAPITAL LETTER C WITH ACUTE,U+00106,U+00106,C'
\[CapitalCCedilla],LATIN CAPITAL LETTER C WITH CEDILLA,LATIN CAPITAL LETTER C WITH CEDILLA,U+000C7,U+000C7,C
\[CapitalCHacek],LATIN CAPITAL LETTER C WITH CARON,LATIN CAPITAL LETTER C WITH CARON,U+0010C,U+0010C,Cv
\[CapitalChi],GREEK CAPITAL LETTER CHI,GREEK CAPITAL LETTER CHI,U+003A7,U+003A7,Ch
\[CapitalDelta],GREEK CAPITAL LETTER DELTA,GREEK CAPITAL LETTER DELTA,U+00394,U+00394,D
\[CapitalDHacek],LATIN CAPITAL LETTER D WITH CARON,LATIN CAPITAL LETTER D WITH CARON,U+0010E,U+0010E,Dv
\[CapitalDifferentialD],MATHEMATICAL ITALIC CAPITAL D,INVALID CHARACTER,U+1D437,U+0F74B,DD
\[CapitalDigamma],GREEK LETTER DIGAMMA,GREEK LETTER DIGAMMA,U+003DC,U+003DC,Di
\[CapitalEAcute],LATIN CAPITAL LETTER E WITH ACUTE,LATIN CAPITAL LETTER E WITH ACUTE,U+000C9,U+000C9,E'
\[CapitalEBar],LATIN CAPITAL LETTER E WITH MACRON,LATIN CAPITAL LETTER E WITH MACRON,U+00112,U+00112,E-
\[CapitalECup],LATIN CAPITAL LETTER E WITH BREVE,LATIN CAPITAL LETTER E WITH BREVE,U+00114,U+00114,Eu
\[CapitalEDoubleDot],LATIN CAPITAL LETTER E WITH DIAERESIS,LATIN CAPITAL LETTER E WITH DIAERESIS,U+000CB,U+000CB,E
\[CapitalEGrave],LATIN CAPITAL LETTER E WITH GRAVE,LATIN CAPITAL LETTER E WITH GRAVE,U+000C8,U+000C8,E`
\[CapitalEHacek],LATIN CAPITAL LETTER E WITH CARON,LATIN CAPITAL LETTER E WITH CARON,U+0011A,U+0011A,Ev
\[CapitalEHat],LATIN CAPITAL LETTER E WITH CIRCUMFLEX,LATIN CAPITAL LETTER E WITH CIRCUMFLEX,U+000CA,U+000CA,E^
\[CapitalEpsilon],GREEK CAPITAL LETTER EPSILON,GREEK CAPITAL LETTER EPSILON,U+00395,U+00395,E
\[CapitalEta],GREEK CAPITAL LETTER ETA,GREEK CAPITAL LETTER ETA,U+00397,U+00397,Et
\[CapitalEth],LATIN CAPITAL LETTER ETH,LATIN CAPITAL LETTER ETH,U+000D0,U+000D0,D-
\[CapitalGamma],GREEK CAPITAL LETTER GAMMA,GREEK CAPITAL LETTER GAMMA,U+00393,U+00393,G
\[CapitalIAcute],LATIN CAPITAL LETTER I WITH ACUTE,LATIN CAPITAL LETTER I WITH ACUTE,U+000CD,U+000CD,I'
\[CapitalICup],LATIN CAPITAL LETTER I WITH BREVE,LATIN CAPITAL LETTER I WITH BREVE,U+0012C,U+0012C,Iu
\[CapitalIDoubleDot],LATIN CAPITAL LETTER I WITH DIAERESIS,LATIN CAPITAL LETTER I WITH DIAERESIS,U+000CF,U+000CF,I
\[CapitalIGrave],LATIN CAPITAL LETTER I WITH GRAVE,LATIN CAPITAL LETTER I WITH GRAVE,U+000CC,U+000CC,I`
\[CapitalIHat],LATIN CAPITAL LETTER I WITH CIRCUMFLEX,LATIN CAPITAL LETTER I WITH CIRCUMFLEX,U+000CE,U+000CE,I^
\[CapitalIota],GREEK CAPITAL LETTER IOTA,GREEK CAPITAL LETTER IOTA,U+00399,U+00399,I
\[CapitalKappa],GREEK CAPITAL LETTER KAPPA,GREEK CAPITAL LETTER KAPPA,U+0039A,U+0039A,K
\[CapitalKoppa],GREEK LETTER KOPPA,GREEK LETTER KOPPA,U+003DE,U+003DE,Ko
\[CapitalLambda],GREEK CAPITAL LETTER LAMDA,GREEK CAPITAL LETTER LAMDA,U+0039B,U+0039B,L
\[CapitalLSlash],LATIN CAPITAL LETTER L WITH STROKE,LATIN CAPITAL LETTER L WITH STROKE,U+00141,U+00141,L/
\[CapitalMu],GREEK CAPITAL LETTER MU,GREEK CAPITAL LETTER MU,U+0039C,U+0039C,M
\[CapitalNHacek],LATIN CAPITAL LETTER N WITH CARON,LATIN CAPITAL LETTER N WITH CARON,U+00147,U+00147,Nv
\[CapitalNTilde],LATIN CAPITAL LETTER N WITH TILDE,LATIN CAPITAL LETTER N WITH TILDE,U+000D1,U+000D1,N~
\[CapitalNu],GREEK CAPITAL LETTER NU,GREEK CAPITAL LETTER NU,U+0039D,U+0039D,N
\[CapitalOAcute],LATIN CAPITAL LETTER O WITH ACUTE,LATIN CAPITAL LETTER O WITH ACUTE,U+000D3,U+000D3,O'
\[CapitalODoubleAcute],LATIN CAPITAL LETTER O WITH DOUBLE ACUTE,LATIN CAPITAL LETTER O WITH DOUBLE ACUTE,U+00150,U+00150,O''
\[CapitalODoubleDot],LATIN CAPITAL LETTER O WITH DIAERESIS,LATIN CAPITAL LETTER O WITH DIAERESIS,U+000D6,U+000D6,O
\[CapitalOE],LATIN CAPITAL LIGATURE OE,LATIN CAPITAL LIGATURE OE,U+00152,U+00152,OE
\[CapitalOGrave],LATIN CAPITAL LETTER O WITH GRAVE,LATIN CAPITAL LETTER O WITH GRAVE,U+000D2,U+000D2,O`
\[CapitalOHat],LATIN CAPITAL LETTER O WITH CIRCUMFLEX,LATIN CAPITAL LETTER O WITH CIRCUMFLEX,U+000D4,U+000D4,O^
\[CapitalOmega],GREEK CAPITAL LETTER OMEGA,GREEK CAPITAL LETTER OMEGA,U+003A9,U+003A9,O
\[CapitalOmicron],GREEK CAPITAL LETTER OMICRON,GREEK CAPITAL LETTER OMICRON,U+0039F,U+0039F,Om
\[CapitalOSlash],LATIN CAPITAL LETTER O WITH STROKE,LATIN CAPITAL LETTER O WITH STROKE,U+000D8,U+000D8,O/
\[CapitalOTilde],LATIN CAPITAL LETTER O WITH TILDE,LATIN CAPITAL LETTER O WITH TILDE,U+000D5,U+000D5,O~
\[CapitalPhi],GREEK CAPITAL LETTER PHI,GREEK CAPITAL LETTER PHI,U+003A6,U+003A6,Ph
\[CapitalPi],GREEK CAPITAL LETTER PI,GREEK CAPITAL LETTER PI,U+003A0,U+003A0,P
\[CapitalPsi],GREEK CAPITAL LETTER PSI,GREEK CAPITAL LETTER PSI,U+003A8,U+003A8,Ps
\[CapitalRHacek],LATIN CAPITAL LETTER R WITH CARON,LATIN CAPITAL LETTER R WITH CARON,U+00158,U+00158,Rv
\[CapitalRho],GREEK CAPITAL LETTER RHO,GREEK CAPITAL LETTER RHO,U+003A1,U+003A1,R
\[CapitalSampi],GREEK LETTER SAMPI,GREEK LETTER SAMPI,U+003E0,U+003E0,Sa
\[CapitalSHacek],LATIN CAPITAL LETTER S WITH CARON,LATIN CAPITAL LETTER S WITH CARON,U+00160,U+00160,Sv
\[CapitalSigma],GREEK CAPITAL LETTER SIGMA,GREEK CAPITAL LETTER SIGMA,U+003A3,U+003A3,S
\[CapitalStigma],GREEK LETTER STIGMA,GREEK LETTER STIGMA,U+003DA,U+003DA,Sti
\[CapitalTau],GREEK CAPITAL LETTER TAU,GREEK CAPITAL LETTER TAU,U+003A4,U+003A4,T
\[CapitalTHacek],LATIN CAPITAL LETTER T WITH CARON,LATIN CAPITAL LETTER T WITH CARON,U+00164,U+00164,Tv
\[CapitalTheta],GREEK CAPITAL LETTER THETA,GREEK CAPITAL LETTER THETA,U+00398,U+00398,Th
\[CapitalThorn],LATIN CAPITAL LETTER THORN,LATIN CAPITAL LETTER THORN,U+000DE,U+000DE,Thn
\[CapitalUAcute],LATIN CAPITAL LETTER U WITH ACUTE,LATIN CAPITAL LETTER U WITH ACUTE,U+000DA,U+000DA,U'
\[CapitalUDoubleAcute],LATIN CAPITAL LETTER U WITH DOUBLE ACUTE,LATIN CAPITAL LETTER U WITH DOUBLE ACUTE,U+00170,U+00170,U''
\[CapitalUDoubleDot],LATIN CAPITAL LETTER U WITH DIAERESIS,LATIN CAPITAL LETTER U WITH DIAERESIS,U+000DC,U+000DC,U
\[CapitalUGrave],LATIN CAPITAL LETTER U WITH GRAVE,LATIN CAPITAL LETTER U WITH GRAVE,U+000D9,U+000D9,U`
\[CapitalUHat],LATIN CAPITAL LETTER U WITH CIRCUMFLEX,LATIN CAPITAL LETTER U WITH CIRCUMFLEX,U+000DB,U+000DB,U^
\[CapitalUpsilon],GREEK CAPITAL LETTER UPSILON,GREEK CAPITAL LETTER UPSILON,U+003A5,U+003A5,U
\[CapitalURing],LATIN CAPITAL LETTER U WITH RING ABOVE,LATIN CAPITAL LETTER U WITH RING ABOVE,U+0016E,U+0016E,Uo
\[CapitalXi],GREEK CAPITAL LETTER XI,GREEK CAPITAL LETTER XI,U+0039E,U+0039E,X
\[CapitalYAcute],LATIN CAPITAL LETTER Y WITH ACUTE,LATIN CAPITAL LETTER Y WITH ACUTE,U+000DD,U+000DD,Y'
\[CapitalZeta],GREEK CAPITAL LETTER ZETA,GREEK CAPITAL LETTER ZETA,U+00396,U+00396,Z
\[CapitalZHacek],LATIN CAPITAL LETTER Z WITH CARON,LATIN CAPITAL LETTER Z WITH CARON,U+0017D,U+0017D,Zv
\[CapricornSign],CAPRICORN,CAPRICORN,U+02651,U+02651,
\[CCedilla],LATIN SMALL LETTER C WITH CEDILLA,LATIN SMALL LETTER C WITH CEDILLA,U+000E7,U+000E7,c
\[Cedilla],CEDILLA,CEDILLA,U+000B8,U+000B8,cd
\[CenterDot],MIDDLE DOT,MIDDLE DOT,U+000B7,U+000B7,.
\[CenterEllipsis],MIDLINE HORIZONTAL ELLIPSIS,MIDLINE HORIZONTAL ELLIPSIS,U+022EF,U+022EF,
\[Cent],CENT SIGN,CENT SIGN,U+000A2,U+000A2,cent
\[CHacek],LATIN SMALL LETTER C WITH CARON,LATIN SMALL LETTER C WITH CARON,U+0010D,U+0010D,cv
\[CheckedBox],BALLOT BOX WITH X,BALLOT BOX WITH X,U+02612,U+02612,
\[Checkmark],CHECK MARK,CHECK MARK,U+02713,U+02713,
\[Chi],GREEK SMALL LETTER CHI,GREEK SMALL LETTER CHI,U+003C7,U+003C7,ch
\[CircleDot],CIRCLED DOT OPERATOR,CIRCLED DOT OPERATOR,U+02299,U+02299,c.
\[CircleMinus],CIRCLED MINUS,CIRCLED MINUS,U+02296,U+02296,c-
\[CirclePlus],CIRCLED PLUS,CIRCLED PLUS,U+02295,U+02295,c+
\[CircleTimes],CIRCLED TIMES,CIRCLED TIMES,U+02297,U+02297,c*
\[ClockwiseContourIntegral],CLOCKWISE CONTOUR INTEGRAL,CLOCKWISE CONTOUR INTEGRAL,U+02232,U+02232,ccint
\[CloseCurlyDoubleQuote],RIGHT DOUBLE QUOTATION MARK,RIGHT DOUBLE QUOTATION MARK,U+0201D,U+0201D,]
\[CloseCurlyQuote],RIGHT SINGLE QUOTATION MARK,RIGHT SINGLE QUOTATION MARK,U+02019,U+02019,]'
\[CloverLeaf],PLACE OF INTEREST SIGN,PLACE OF INTEREST SIGN,U+02318,U+02318,cl
\[ClubSuit],BLACK CLUB SUIT,BLACK CLUB SUIT,U+02663,U+02663,
\[Colon],RATIO,RATIO,U+02236,U+02236,:
\[CommandKey],PLACE OF INTEREST SIGN,INVALID CHARACTER,U+02318,U+0F76A,cmd
\[Conditioned],,INVALID CHARACTER,,U+0F3D3,
\[Congruent],IDENTICAL TO,IDENTICAL TO,U+02261,U+02261,Err:510
\[Conjugate],,INVALID CHARACTER,,U+0F3C8,co
\[ConjugateTranspose],,INVALID CHARACTER,,U+0F3C9,ct
\[ConstantC],MATHEMATICAL DOUBLE-STRUCK SMALL C,INVALID CHARACTER,U+1D554,U+0F7DA,cc
\[Continuation],DOWN RIGHT DIAGONAL ELLIPSIS,INVALID CHARACTER,U+022F1,U+0F3B1,cont
\[ContourIntegral],CONTOUR INTEGRAL,CONTOUR INTEGRAL,U+0222E,U+0222E,cint
\[ControlKey],,INVALID CHARACTER,,U+0F763,ctrl
\[Coproduct],N-ARY COPRODUCT,N-ARY COPRODUCT,U+02210,U+02210,coprod
\[Copyright],COPYRIGHT SIGN,COPYRIGHT SIGN,U+000A9,U+000A9,
\[CounterClockwiseContourIntegral],ANTICLOCKWISE CONTOUR INTEGRAL,ANTICLOCKWISE CONTOUR INTEGRAL,U+02233,U+02233,cccint
\[Cross],VECTOR OR CROSS PRODUCT,INVALID CHARACTER,U+02A2F,U+0F4A0,cross
\[CupCap],EQUIVALENT TO,EQUIVALENT TO,U+0224D,U+0224D,
\[Cup],SMILE,SMILE,U+02323,U+02323,
\[CurlyCapitalUpsilon],GREEK UPSILON WITH HOOK SYMBOL,GREEK UPSILON WITH HOOK SYMBOL,U+003D2,U+003D2,cU
\[CurlyEpsilon],GREEK SMALL LETTER EPSILON,GREEK SMALL LETTER EPSILON,U+003B5,U+003B5,ce
\[CurlyKappa],GREEK KAPPA SYMBOL,GREEK KAPPA SYMBOL,U+003F0,U+003F0,ck
\[CurlyPhi],GREEK SMALL LETTER PHI,GREEK SMALL LETTER PHI,U+003C6,U+003C6,j
\[CurlyPi],GREEK PI SYMBOL,GREEK PI SYMBOL,U+003D6,U+003D6,cp
\[CurlyRho],GREEK RHO SYMBOL,GREEK RHO SYMBOL,U+003F1,U+003F1,cr
\[CurlyTheta],GREEK THETA SYMBOL,GREEK THETA SYMBOL,U+003D1,U+003D1,cq
\[Currency],CURRENCY SIGN,CURRENCY SIGN,U+000A4,U+000A4,
\[Dagger],DAGGER,DAGGER,U+02020,U+02020,dg
\[Dalet],DALET SYMBOL,DALET SYMBOL,U+02138,U+02138,da
\[Dash],EN DASH,EN DASH,U+02013,U+02013,-
\[Degree],DEGREE SIGN,DEGREE SIGN,U+000B0,U+000B0,deg
\[DeleteKey],,INVALID CHARACTER,U+0F7D0,U+0F7D0,del
\[Del],NABLA,NABLA,U+02207,U+02207,del
\[Delta],GREEK SMALL LETTER DELTA,GREEK SMALL LETTER DELTA,U+003B4,U+003B4,d
\[DescendingEllipsis],DOWN RIGHT DIAGONAL ELLIPSIS,DOWN RIGHT DIAGONAL ELLIPSIS,U+022F1,U+022F1,
\[DHacek],LATIN SMALL LETTER D WITH CARON,LATIN SMALL LETTER D WITH CARON,U+0010F,U+0010F,dv
\[Diameter],DIAMETER SIGN,DIAMETER SIGN,U+02300,U+02300,
\[Diamond],DIAMOND OPERATOR,DIAMOND OPERATOR,U+022C4,U+022C4,dia
\[DiamondSuit],WHITE DIAMOND SUIT,WHITE DIAMOND SUIT,U+02662,U+02662,
\[DifferenceDelta],INCREMENT,INCREMENT,U+02206,U+02206,diffd
\[DifferentialD],MATHEMATICAL ITALIC SMALL D,INVALID CHARACTER,U+1D451,U+0F74C,dd
\[Digamma],GREEK SMALL LETTER DIGAMMA,GREEK SMALL LETTER DIGAMMA,U+003DD,U+003DD,di
\[DirectedEdge],RIGHTWARDS ARROW,INVALID CHARACTER,U+02192,U+0F3D5,de
\[DiscreteRatio],GREEK CAPITAL THETA SYMBOL,INVALID CHARACTER,U+003F4,U+0F4A4,dratio
\[DiscreteShift],,INVALID CHARACTER,,U+0F4A3,shift
\[DiscretionaryHyphen],,SOFT HYPHEN,,U+000AD,dhy
\[DiscretionaryLineSeparator],,INVALID CHARACTER,,U+0F76E,dlsep
\[DiscretionaryPageBreakAbove],,INVALID CHARACTER,,U+0F3BF,dpba
\[DiscretionaryPageBreakBelow],,INVALID CHARACTER,,U+0F3C6,dpbb
\[DiscretionaryParagraphSeparator],,INVALID CHARACTER,,U+0F76F,dpsep
\[Distributed],,INVALID CHARACTER,,U+0F3D2,
\[Divides],DIVIDES,DIVIDES,U+02223,U+02223,divides
\[Divide],DIVISION SIGN,DIVISION SIGN,U+000F7,U+000F7,div
\[DotEqual],APPROACHES THE LIMIT,APPROACHES THE LIMIT,U+02250,U+02250,.=
\[DotlessI],LATIN SMALL LETTER DOTLESS I,LATIN SMALL LETTER DOTLESS I,U+00131,U+00131,
\[DotlessJ],LATIN SMALL LETTER DOTLESS J,INVALID CHARACTER,U+00237,U+0F700,
\[DottedSquare],SQUARE FOUR CORNERS,INVALID CHARACTER,U+026F6,U+0F751,
\[DoubleContourIntegral],SURFACE INTEGRAL,SURFACE INTEGRAL,U+0222F,U+0222F,
\[DoubleDagger],DOUBLE DAGGER,DOUBLE DAGGER,U+02021,U+02021,ddg
\[DoubledGamma],DOUBLE-STRUCK SMALL GAMMA,INVALID CHARACTER,U+0213D,U+0F74A,gg
\[DoubleDot],DIAERESIS,DIAERESIS,U+000A8,U+000A8,
\[DoubleDownArrow],DOWNWARDS DOUBLE ARROW,DOWNWARDS DOUBLE ARROW,U+021D3,U+021D3,
\[DoubledPi],DOUBLE-STRUCK SMALL PI,INVALID CHARACTER,U+0213C,U+0F749,pp
\[DoubleLeftArrow],LEFTWARDS DOUBLE ARROW,LEFTWARDS DOUBLE ARROW,U+021D0,U+021D0,<=
\[DoubleLeftRightArrow],LEFT RIGHT DOUBLE ARROW,LEFT RIGHT DOUBLE ARROW,U+021D4,U+021D4,<=>
\[DoubleLeftTee],VERTICAL BAR DOUBLE LEFT TURNSTILE,VERTICAL BAR DOUBLE LEFT TURNSTILE,U+02AE4,U+02AE4,
\[DoubleLongLeftArrow],LONG LEFTWARDS DOUBLE ARROW,LONG LEFTWARDS DOUBLE ARROW,U+027F8,U+027F8,<==
\[DoubleLongLeftRightArrow],LONG LEFT RIGHT DOUBLE ARROW,LONG LEFT RIGHT DOUBLE ARROW,U+027FA,U+027FA,<==>
\[DoubleLongRightArrow],LONG RIGHTWARDS DOUBLE ARROW,LONG RIGHTWARDS DOUBLE ARROW,U+027F9,U+027F9,Err:510
\[DoublePrime],DOUBLE PRIME,DOUBLE PRIME,U+02033,U+02033,''
\[DoubleRightArrow],RIGHTWARDS DOUBLE ARROW,RIGHTWARDS DOUBLE ARROW,U+021D2,U+021D2,=>
\[DoubleRightTee],TRUE,TRUE,U+022A8,U+022A8,
\[DoubleStruckA],MATHEMATICAL DOUBLE-STRUCK SMALL A,INVALID CHARACTER,U+1D552,U+0F6E6,dsa
\[DoubleStruckB],MATHEMATICAL DOUBLE-STRUCK SMALL B,INVALID CHARACTER,U+1D553,U+0F6E7,dsb
\[DoubleStruckC],MATHEMATICAL DOUBLE-STRUCK SMALL C,INVALID CHARACTER,U+1D554,U+0F6E8,dsc
\[DoubleStruckCapitalA],MATHEMATICAL DOUBLE-STRUCK CAPITAL A,INVALID CHARACTER,U+1D538,U+0F7A4,dsA
\[DoubleStruckCapitalB],MATHEMATICAL DOUBLE-STRUCK CAPITAL B,INVALID CHARACTER,U+1D539,U+0F7A5,dsB
\[DoubleStruckCapitalC],DOUBLE-STRUCK CAPITAL C,INVALID CHARACTER,U+02102,U+0F7A6,dsC
\[DoubleStruckCapitalD],MATHEMATICAL DOUBLE-STRUCK CAPITAL D,INVALID CHARACTER,U+1D53B,U+0F7A7,dsD
\[DoubleStruckCapitalE],MATHEMATICAL DOUBLE-STRUCK CAPITAL E,INVALID CHARACTER,U+1D53C,U+0F7A8,dsE
\[DoubleStruckCapitalF],MATHEMATICAL DOUBLE-STRUCK CAPITAL F,INVALID CHARACTER,U+1D53D,U+0F7A9,dsF
\[DoubleStruckCapitalG],MATHEMATICAL DOUBLE-STRUCK CAPITAL G,INVALID CHARACTER,U+1D53E,U+0F7AA,dsG
\[DoubleStruckCapitalH],DOUBLE-STRUCK CAPITAL H,INVALID CHARACTER,U+0210D,U+0F7AB,dsH
\[DoubleStruckCapitalI],MATHEMATICAL DOUBLE-STRUCK CAPITAL I,INVALID CHARACTER,U+1D540,U+0F7AC,dsI
\[DoubleStruckCapitalJ],MATHEMATICAL DOUBLE-STRUCK CAPITAL J,INVALID CHARACTER,U+1D541,U+0F7AD,dsJ
\[DoubleStruckCapitalK],MATHEMATICAL DOUBLE-STRUCK CAPITAL K,INVALID CHARACTER,U+1D542,U+0F7AE,dsK
\[DoubleStruckCapitalL],MATHEMATICAL DOUBLE-STRUCK CAPITAL L,INVALID CHARACTER,U+1D543,U+0F7AF,dsL
\[DoubleStruckCapitalM],MATHEMATICAL DOUBLE-STRUCK CAPITAL M,INVALID CHARACTER,U+1D544,U+0F7B0,dsM
\[DoubleStruckCapitalN],DOUBLE-STRUCK CAPITAL N,INVALID CHARACTER,U+02115,U+0F7B1,dsN
\[DoubleStruckCapitalO],MATHEMATICAL DOUBLE-STRUCK CAPITAL O,INVALID CHARACTER,U+1D546,U+0F7B2,dsO
\[DoubleStruckCapitalP],DOUBLE-STRUCK CAPITAL P,INVALID CHARACTER,U+02119,U+0F7B3,dsP
\[DoubleStruckCapitalQ],DOUBLE-STRUCK CAPITAL Q,INVALID CHARACTER,U+0211A,U+0F7B4,dsQ
\[DoubleStruckCapitalR],DOUBLE-STRUCK CAPITAL R,INVALID CHARACTER,U+0211D,U+0F7B5,dsR
\[DoubleStruckCapitalS],MATHEMATICAL DOUBLE-STRUCK CAPITAL S,INVALID CHARACTER,U+1D54A,U+0F7B6,dsS
\[DoubleStruckCapitalT],MATHEMATICAL DOUBLE-STRUCK CAPITAL T,INVALID CHARACTER,U+1D54B,U+0F7B7,dsT
\[DoubleStruckCapitalU],MATHEMATICAL DOUBLE-STRUCK CAPITAL U,INVALID CHARACTER,U+1D54C,U+0F7B8,dsU
\[DoubleStruckCapitalV],MATHEMATICAL DOUBLE-STRUCK CAPITAL V,INVALID CHARACTER,U+1D54D,U+0F7B9,dsV
\[DoubleStruckCapitalW],MATHEMATICAL DOUBLE-STRUCK CAPITAL W,INVALID CHARACTER,U+1D54E,U+0F7BA,dsW
\[DoubleStruckCapitalX],MATHEMATICAL DOUBLE-STRUCK CAPITAL X,INVALID CHARACTER,U+1D54F,U+0F7BB,dsX
\[DoubleStruckCapitalY],MATHEMATICAL DOUBLE-STRUCK CAPITAL Y,INVALID CHARACTER,U+1D550,U+0F7BC,dsY
\[DoubleStruckCapitalZ],DOUBLE-STRUCK CAPITAL Z,INVALID CHARACTER,U+02124,U+0F7BD,dsZ
\[DoubleStruckD],MATHEMATICAL DOUBLE-STRUCK SMALL D,INVALID CHARACTER,U+1D555,U+0F6E9,dsd
\[DoubleStruckE],MATHEMATICAL DOUBLE-STRUCK SMALL E,INVALID CHARACTER,U+1D556,U+0F6EA,dse
\[DoubleStruckEight],MATHEMATICAL DOUBLE-STRUCK DIGIT EIGHT,INVALID CHARACTER,U+1D7E0,U+0F7E3,ds8
\[DoubleStruckF],MATHEMATICAL DOUBLE-STRUCK SMALL F,INVALID CHARACTER,U+1D557,U+0F6EB,dsf
\[DoubleStruckFive],MATHEMATICAL DOUBLE-STRUCK DIGIT FIVE,INVALID CHARACTER,U+1D7DD,U+0F7E0,ds5
\[DoubleStruckFour],MATHEMATICAL DOUBLE-STRUCK DIGIT FOUR,INVALID CHARACTER,U+1D7DC,U+0F7DF,ds4
\[DoubleStruckG],MATHEMATICAL DOUBLE-STRUCK SMALL G,INVALID CHARACTER,U+1D558,U+0F6EC,dsg
\[DoubleStruckH],MATHEMATICAL DOUBLE-STRUCK SMALL H,INVALID CHARACTER,U+1D559,U+0F6ED,dsh
\[DoubleStruckI],MATHEMATICAL DOUBLE-STRUCK SMALL I,INVALID CHARACTER,U+1D55A,U+0F6EE,dsi
\[DoubleStruckJ],MATHEMATICAL DOUBLE-STRUCK SMALL J,INVALID CHARACTER,U+1D55B,U+0F6EF,dsj
\[DoubleStruckK],MATHEMATICAL DOUBLE-STRUCK SMALL K,INVALID CHARACTER,U+1D55C,U+0F6F0,dsk
\[DoubleStruckL],MATHEMATICAL DOUBLE-STRUCK SMALL L,INVALID CHARACTER,U+1D55D,U+0F6F1,dsl
\[DoubleStruckM],MATHEMATICAL DOUBLE-STRUCK SMALL M,INVALID CHARACTER,U+1D55E,U+0F6F2,dsm
\[DoubleStruckN],MATHEMATICAL DOUBLE-STRUCK SMALL N,INVALID CHARACTER,U+1D55F,U+0F6F3,dsn
\[DoubleStruckNine],MATHEMATICAL DOUBLE-STRUCK DIGIT NINE,INVALID CHARACTER,U+1D7E1,U+0F7E4,ds9
\[DoubleStruckO],MATHEMATICAL DOUBLE-STRUCK SMALL O,INVALID CHARACTER,U+1D560,U+0F6F4,dso
\[DoubleStruckOne],MATHEMATICAL DOUBLE-STRUCK DIGIT ONE,INVALID CHARACTER,U+1D7D9,U+0F7DC,ds1
\[DoubleStruckP],MATHEMATICAL DOUBLE-STRUCK SMALL P,INVALID CHARACTER,U+1D561,U+0F6F5,dsp
\[DoubleStruckQ],MATHEMATICAL DOUBLE-STRUCK SMALL Q,INVALID CHARACTER,U+1D562,U+0F6F6,dsq
\[DoubleStruckR],MATHEMATICAL DOUBLE-STRUCK SMALL R,INVALID CHARACTER,U+1D563,U+0F6F7,dsr
\[DoubleStruckS],MATHEMATICAL DOUBLE-STRUCK SMALL S,INVALID CHARACTER,U+1D564,U+0F6F8,dss
\[DoubleStruckSeven],MATHEMATICAL DOUBLE-STRUCK DIGIT SEVEN,INVALID CHARACTER,U+1D7DF,U+0F7E2,ds7
\[DoubleStruckSix],MATHEMATICAL DOUBLE-STRUCK DIGIT SIX,INVALID CHARACTER,U+1D7DE,U+0F7E1,ds6
\[DoubleStruckT],MATHEMATICAL DOUBLE-STRUCK SMALL T,INVALID CHARACTER,U+1D565,U+0F6F9,dst
\[DoubleStruckThree],MATHEMATICAL DOUBLE-STRUCK DIGIT THREE,INVALID CHARACTER,U+1D7DB,U+0F7DE,ds3
\[DoubleStruckTwo],MATHEMATICAL DOUBLE-STRUCK DIGIT TWO,INVALID CHARACTER,U+1D7DA,U+0F7DD,ds2
\[DoubleStruckU],MATHEMATICAL DOUBLE-STRUCK SMALL U,INVALID CHARACTER,U+1D566,U+0F6FA,dsu
\[DoubleStruckV],MATHEMATICAL DOUBLE-STRUCK SMALL V,INVALID CHARACTER,U+1D567,U+0F6FB,dsv
\[DoubleStruckW],MATHEMATICAL DOUBLE-STRUCK SMALL W,INVALID CHARACTER,U+1D568,U+0F6FC,dsw
\[DoubleStruckX],MATHEMATICAL DOUBLE-STRUCK SMALL X,INVALID CHARACTER,U+1D569,U+0F6FD,dsx
\[DoubleStruckY],MATHEMATICAL DOUBLE-STRUCK SMALL Y,INVALID CHARACTER,U+1D56A,U+0F6FE,dsy
\[DoubleStruckZ],MATHEMATICAL DOUBLE-STRUCK SMALL Z,INVALID CHARACTER,U+1D56B,U+0F6FF,dsz
\[DoubleStruckZero],MATHEMATICAL DOUBLE-STRUCK DIGIT ZERO,INVALID CHARACTER,U+1D7D8,U+0F7DB,ds0
\[DoubleUpArrow],UPWARDS DOUBLE ARROW,UPWARDS DOUBLE ARROW,U+021D1,U+021D1,
\[DoubleUpDownArrow],UP DOWN DOUBLE ARROW,UP DOWN DOUBLE ARROW,U+021D5,U+021D5,
\[DoubleVerticalBar],PARALLEL TO,PARALLEL TO,U+02225,U+02225,| |||||
\[DownArrowBar],DOWNWARDS ARROW TO BAR,DOWNWARDS ARROW TO BAR,U+02913,U+02913,
\[DownArrow],DOWNWARDS ARROW,DOWNWARDS ARROW,U+02193,U+02193,
\[DownArrowUpArrow],DOWNWARDS ARROW LEFTWARDS OF UPWARDS ARROW,DOWNWARDS ARROW LEFTWARDS OF UPWARDS ARROW,U+021F5,U+021F5,
\[DownBreve],COMBINING INVERTED BREVE,INVALID CHARACTER,U+00020 U+00311,U+0F755,dbv
\[DownExclamation],INVERTED EXCLAMATION MARK,INVERTED EXCLAMATION MARK,U+000A1,U+000A1,d!
\[DownLeftRightVector],LEFT BARB DOWN RIGHT BARB DOWN HARPOON,LEFT BARB DOWN RIGHT BARB DOWN HARPOON,U+02950,U+02950,
\[DownLeftTeeVector],LEFTWARDS HARPOON WITH BARB DOWN FROM BAR,LEFTWARDS HARPOON WITH BARB DOWN FROM BAR,U+0295E,U+0295E,
\[DownLeftVector],LEFTWARDS HARPOON WITH BARB DOWNWARDS,LEFTWARDS HARPOON WITH BARB DOWNWARDS,U+021BD,U+021BD,
\[DownLeftVectorBar],LEFTWARDS HARPOON WITH BARB DOWN TO BAR,LEFTWARDS HARPOON WITH BARB DOWN TO BAR,U+02956,U+02956,
\[DownPointer],BLACK DOWN-POINTING SMALL TRIANGLE,BLACK DOWN-POINTING SMALL TRIANGLE,U+025BE,U+025BE,
\[DownQuestion],INVERTED QUESTION MARK,INVERTED QUESTION MARK,U+000BF,U+000BF,d?
\[DownRightTeeVector],RIGHTWARDS HARPOON WITH BARB DOWN FROM BAR,RIGHTWARDS HARPOON WITH BARB DOWN FROM BAR,U+0295F,U+0295F,
\[DownRightVector],RIGHTWARDS HARPOON WITH BARB DOWNWARDS,RIGHTWARDS HARPOON WITH BARB DOWNWARDS,U+021C1,U+021C1,
\[DownRightVectorBar],RIGHTWARDS HARPOON WITH BARB DOWN TO BAR,RIGHTWARDS HARPOON WITH BARB DOWN TO BAR,U+02957,U+02957,
\[DownTeeArrow],DOWNWARDS ARROW FROM BAR,DOWNWARDS ARROW FROM BAR,U+021A7,U+021A7,
\[DownTee],DOWN TACK,DOWN TACK,U+022A4,U+022A4,dT
\[EAcute],LATIN SMALL LETTER E WITH ACUTE,LATIN SMALL LETTER E WITH ACUTE,U+000E9,U+000E9,e'
\[Earth],CIRCLED PLUS,EARTH,U+02641,U+02641,
\[EBar],LATIN SMALL LETTER E WITH MACRON,LATIN SMALL LETTER E WITH MACRON,U+00113,U+00113,e-
\[ECup],LATIN SMALL LETTER E WITH BREVE,LATIN SMALL LETTER E WITH BREVE,U+00115,U+00115,eu
\[EDoubleDot],LATIN SMALL LETTER E WITH DIAERESIS,LATIN SMALL LETTER E WITH DIAERESIS,U+000EB,U+000EB,e
\[EGrave],LATIN SMALL LETTER E WITH GRAVE,LATIN SMALL LETTER E WITH GRAVE,U+000E8,U+000E8,e`
\[EHacek],LATIN SMALL LETTER E WITH CARON,LATIN SMALL LETTER E WITH CARON,U+0011B,U+0011B,ev
\[EHat],LATIN SMALL LETTER E WITH CIRCUMFLEX,LATIN SMALL LETTER E WITH CIRCUMFLEX,U+000EA,U+000EA,e^
\[EighthNote],EIGHTH NOTE,EIGHTH NOTE,U+0266A,U+0266A,
\[Element],ELEMENT OF,ELEMENT OF,U+02208,U+02208,el
\[Ellipsis],HORIZONTAL ELLIPSIS,HORIZONTAL ELLIPSIS,U+02026,U+02026,...
\[EmptyCircle],WHITE CIRCLE,WHITE CIRCLE,U+025CB,U+025CB,eci
\[EmptyDiamond],WHITE DIAMOND,WHITE DIAMOND,U+025C7,U+025C7,
\[EmptyDownTriangle],WHITE DOWN-POINTING TRIANGLE,WHITE DOWN-POINTING TRIANGLE,U+025BD,U+025BD,
\[EmptyRectangle],WHITE VERTICAL RECTANGLE,WHITE VERTICAL RECTANGLE,U+025AF,U+025AF,
\[EmptySet],EMPTY SET,EMPTY SET,U+02205,U+02205,es
\[EmptySmallCircle],WHITE BULLET,WHITE BULLET,U+025E6,U+025E6,esci
\[EmptySmallSquare],WHITE MEDIUM SQUARE,WHITE MEDIUM SQUARE,U+025FB,U+025FB,essq
\[EmptySquare],WHITE SQUARE,WHITE SQUARE,U+025A1,U+025A1,esq
\[EmptyUpTriangle],WHITE UP-POINTING TRIANGLE,WHITE UP-POINTING TRIANGLE,U+025B3,U+025B3,
\[EmptyVerySmallSquare],WHITE SMALL SQUARE,WHITE SMALL SQUARE,U+025AB,U+025AB,evssq
\[EnterKey],,INVALID CHARACTER,,U+0F7D4,ent
\[EntityEnd],,INVALID CHARACTER,,U+0F3B9,
\[EntityStart],,INVALID CHARACTER,,U+0F3B8,
\[Epsilon],GREEK LUNATE EPSILON SYMBOL,GREEK LUNATE EPSILON SYMBOL,U+003F5,U+003F5,e
\[Equal],TWO CONSECUTIVE EQUALS SIGNS,INVALID CHARACTER,U+02A75,U+0F431,==
\[EqualTilde],MINUS TILDE,MINUS TILDE,U+02242,U+02242,=~
\[Equilibrium],RIGHTWARDS HARPOON OVER LEFTWARDS HARPOON,RIGHTWARDS HARPOON OVER LEFTWARDS HARPOON,U+021CC,U+021CC,equi
\[Equivalent],LEFT RIGHT DOUBLE ARROW,GLEICH STARK,U+021D4,U+029E6,equiv
\[ErrorIndicator],,INVALID CHARACTER,,U+0F767,
\[EscapeKey],,INVALID CHARACTER,,U+0F769,esc
\[Eta],GREEK SMALL LETTER ETA,GREEK SMALL LETTER ETA,U+003B7,U+003B7,et
\[Eth],LATIN SMALL LETTER ETH,LATIN SMALL LETTER ETH,U+000F0,U+000F0,d-
\[Euro],EURO SIGN,EURO SIGN,U+020AC,U+020AC,
\[Exists],THERE EXISTS,THERE EXISTS,U+02203,U+02203,ex
\[ExponentialE],DOUBLE-STRUCK ITALIC SMALL E,INVALID CHARACTER,U+02147,U+0F74D,ee
\[FiLigature],LATIN SMALL LIGATURE FI,LATIN SMALL LIGATURE FI,U+0FB01,U+0FB01,
\[FilledCircle],BLACK CIRCLE,BLACK CIRCLE,U+025CF,U+025CF,fci
\[FilledDiamond],BLACK DIAMOND,BLACK DIAMOND,U+025C6,U+025C6,
\[FilledDownTriangle],BLACK DOWN-POINTING TRIANGLE,BLACK DOWN-POINTING TRIANGLE,U+025BC,U+025BC,
\[FilledLeftTriangle],BLACK LEFT-POINTING TRIANGLE,BLACK LEFT-POINTING TRIANGLE,U+025C0,U+025C0,
\[FilledRectangle],BLACK VERTICAL RECTANGLE,BLACK VERTICAL RECTANGLE,U+025AE,U+025AE,
\[FilledRightTriangle],BLACK RIGHT-POINTING TRIANGLE,BLACK RIGHT-POINTING TRIANGLE,U+025B6,U+025B6,
\[FilledSmallCircle],BULLET,INVALID CHARACTER,U+02022,U+0F750,fsci
\[FilledSmallSquare],BLACK MEDIUM SQUARE,BLACK MEDIUM SQUARE,U+025FC,U+025FC,fssq
\[FilledSquare],BLACK SQUARE,BLACK SQUARE,U+025A0,U+025A0,fsq
\[FilledUpTriangle],BLACK UP-POINTING TRIANGLE,BLACK UP-POINTING TRIANGLE,U+025B2,U+025B2,
\[FilledVerySmallSquare],BLACK SMALL SQUARE,BLACK SMALL SQUARE,U+025AA,U+025AA,fvssq
\[FinalSigma],GREEK SMALL LETTER FINAL SIGMA,GREEK SMALL LETTER FINAL SIGMA,U+003C2,U+003C2,fs
\[FirstPage],,INVALID CHARACTER,,U+0F7FA,
\[FivePointedStar],BLACK STAR,BLACK STAR,U+02605,U+02605,*5
\[Flat],MUSIC FLAT SIGN,MUSIC FLAT SIGN,U+0266D,U+0266D,
\[FlLigature],LATIN SMALL LIGATURE FL,LATIN SMALL LIGATURE FL,U+0FB02,U+0FB02,
\[Florin],LATIN SMALL LETTER F WITH HOOK,LATIN SMALL LETTER F WITH HOOK,U+00192,U+00192,
\[ForAll],FOR ALL,FOR ALL,U+02200,U+02200,fa
\[FormalA],LATIN SMALL LETTER A WITH DOT BELOW,INVALID CHARACTER,U+01EA1,U+0F800,.a
\[FormalAlpha],GREEK SMALL LETTER ALPHA + COMBINING DOT BELOW,INVALID CHARACTER,U+003B1 U+00323,U+0F854,.Alpha
\[FormalB],LATIN SMALL LETTER B WITH DOT BELOW,INVALID CHARACTER,U+01E05,U+0F801,.b
\[FormalBeta],GREEK SMALL LETTER BETA + COMBINING DOT BELOW,INVALID CHARACTER,U+003B2 U+00323,U+0F855,.Beta
\[FormalC],LATIN SMALL LETTER C + COMBINING DOT BELOW,INVALID CHARACTER,U+00063 U+00323,U+0F802,.c
\[FormalCapitalA],LATIN CAPITAL LETTER A WITH DOT BELOW,INVALID CHARACTER,U+01EA0,U+0F81A,.A
\[FormalCapitalAlpha],GREEK CAPITAL LETTER ALPHA + COMBINING DOT BELOW,INVALID CHARACTER,U+00391 U+00323,U+0F834,.CapitalAlpha
\[FormalCapitalB],LATIN CAPITAL LETTER B WITH DOT BELOW,INVALID CHARACTER,U+01E04,U+0F81B,.B
\[FormalCapitalBeta],GREEK CAPITAL LETTER BETA + COMBINING DOT BELOW,INVALID CHARACTER,U+00392 U+00323,U+0F835,.CapitalBeta
\[FormalCapitalC],LATIN CAPITAL LETTER C + COMBINING DOT BELOW,INVALID CHARACTER,U+00043 U+00323,U+0F81C,.C
\[FormalCapitalChi],GREEK CAPITAL LETTER CHI + COMBINING DOT BELOW,INVALID CHARACTER,U+003A7 U+00323,U+0F84A,.CapitalChi
\[FormalCapitalD],LATIN CAPITAL LETTER D WITH DOT BELOW,INVALID CHARACTER,U+01E0C,U+0F81D,.D
\[FormalCapitalDelta],GREEK CAPITAL LETTER DELTA + COMBINING DOT BELOW,INVALID CHARACTER,U+00394 U+00323,U+0F837,.CapitalDelta
\[FormalCapitalDigamma],GREEK LETTER DIGAMMA + COMBINING DOT BELOW,INVALID CHARACTER,U+003DC U+00323,U+0F87F,.CapitalDigamma
\[FormalCapitalE],LATIN CAPITAL LETTER E WITH DOT BELOW,INVALID CHARACTER,U+01EB8,U+0F81E,.E
\[FormalCapitalEpsilon],GREEK CAPITAL LETTER EPSILON + COMBINING DOT BELOW,INVALID CHARACTER,U+00395 U+00323,U+0F838,.CapitalEpsilon
\[FormalCapitalEta],GREEK CAPITAL LETTER ETA + COMBINING DOT BELOW,INVALID CHARACTER,U+00397 U+00323,U+0F83A,.CapitalEta
\[FormalCapitalF],LATIN CAPITAL LETTER F + COMBINING DOT BELOW,INVALID CHARACTER,U+00046 U+00323,U+0F81F,.F
\[FormalCapitalG],LATIN CAPITAL LETTER G + COMBINING DOT BELOW,INVALID CHARACTER,U+00047 U+00323,U+0F820,.G
\[FormalCapitalGamma],GREEK CAPITAL LETTER GAMMA,INVALID CHARACTER,U+00393,U+0F836,.CapitalGamma
\[FormalCapitalH],LATIN CAPITAL LETTER H WITH DOT BELOW,INVALID CHARACTER,U+01E24,U+0F821,.H
\[FormalCapitalI],LATIN CAPITAL LETTER I WITH DOT BELOW,INVALID CHARACTER,U+01ECA,U+0F822,.I
\[FormalCapitalIota],GREEK CAPITAL LETTER IOTA + COMBINING DOT BELOW + COMBINING DOT BELOW,INVALID CHARACTER,U+00399 U+00323,U+0F83C,.CapitalIota
\[FormalCapitalJ],LATIN CAPITAL LETTER J + COMBINING DOT BELOW,INVALID CHARACTER,U+0004A U+00323,U+0F823,.J
\[FormalCapitalK],LATIN CAPITAL LETTER K WITH DOT BELOW,INVALID CHARACTER,U+01E32,U+0F824,.K
\[FormalCapitalKappa],GREEK CAPITAL LETTER KAPPA + COMBINING DOT BELOW,INVALID CHARACTER,U+0039A U+00323,U+0F83D,.CapitalKappa
\[FormalCapitalKoppa],GREEK LETTER KOPPA + COMBINING DOT BELOW,INVALID CHARACTER,U+003DE U+00323,U+0F881,.CapitalKoppa
\[FormalCapitalL],LATIN CAPITAL LETTER L WITH DOT BELOW,INVALID CHARACTER,U+01E36,U+0F825,.L
\[FormalCapitalLambda],GREEK CAPITAL LETTER LAMDA + COMBINING DOT BELOW,INVALID CHARACTER,U+0039B U+00323,U+0F83E,.CapitalLambda
\[FormalCapitalM],LATIN CAPITAL LETTER M WITH DOT BELOW,INVALID CHARACTER,U+01E42,U+0F826,.M
\[FormalCapitalMu],GREEK CAPITAL LETTER MU + COMBINING DOT BELOW,INVALID CHARACTER,U+0039C U+00323,U+0F83F,.CapitalMu
\[FormalCapitalN],LATIN CAPITAL LETTER N WITH DOT BELOW,INVALID CHARACTER,U+01E46,U+0F827,.N
\[FormalCapitalNu],GREEK CAPITAL LETTER NU + COMBINING DOT BELOW,INVALID CHARACTER,U+0039D U+00323,U+0F840,.CapitalNu
\[FormalCapitalO],LATIN CAPITAL LETTER O WITH DOT BELOW,INVALID CHARACTER,U+01ECC,U+0F828,.O
\[FormalCapitalOmega],GREEK CAPITAL LETTER OMEGA + COMBINING DOT BELOW,INVALID CHARACTER,U+003A9 U+00323,U+0F84C,.CapitalOmega
\[FormalCapitalOmicron],GREEK CAPITAL LETTER OMICRON + COMBINING DOT BELOW,INVALID CHARACTER,U+0039F U+00323,U+0F842,.CapitalOmicron
\[FormalCapitalP],LATIN CAPITAL LETTER P + COMBINING DOT BELOW,INVALID CHARACTER,U+00050 U+00323,U+0F829,.P
\[FormalCapitalPhi],GREEK CAPITAL LETTER PHI + COMBINING DOT BELOW,INVALID CHARACTER,U+003A6 U+00323,U+0F849,.CapitalPhi
\[FormalCapitalPi],GREEK CAPITAL LETTER PI + COMBINING DOT BELOW,INVALID CHARACTER,U+003A0 U+00323,U+0F843,.CapitalPi
\[FormalCapitalPsi],GREEK CAPITAL LETTER PSI + COMBINING DOT BELOW,INVALID CHARACTER,U+003A8 U+00323,U+0F84B,.CapitalPsi
\[FormalCapitalQ],LATIN CAPITAL LETTER Q + COMBINING DOT BELOW,INVALID CHARACTER,U+00051 U+00323,U+0F82A,.Q
\[FormalCapitalR],LATIN CAPITAL LETTER R WITH DOT BELOW,INVALID CHARACTER,U+01E5A,U+0F82B,.R
\[FormalCapitalRho],GREEK CAPITAL LETTER RHO + COMBINING DOT BELOW,INVALID CHARACTER,U+003A1 U+00323,U+0F844,.CapitalRho
\[FormalCapitalS],LATIN CAPITAL LETTER S WITH DOT BELOW,INVALID CHARACTER,U+01E62,U+0F82C,.S
\[FormalCapitalSampi],GREEK LETTER SAMPI + COMBINING DOT BELOW,INVALID CHARACTER,U+003E0 U+00323,U+0F883,.CapitalSampi
\[FormalCapitalSigma],GREEK CAPITAL LETTER SIGMA + COMBINING DOT BELOW,INVALID CHARACTER,U+003A3 U+00323,U+0F846,.CapitalSigma
\[FormalCapitalStigma],GREEK LETTER STIGMA + COMBINING DOT BELOW,INVALID CHARACTER,U+003DA U+00323,U+0F87D,.CapitalStigma
\[FormalCapitalT],LATIN CAPITAL LETTER T WITH DOT BELOW,INVALID CHARACTER,U+01E6C,U+0F82D,.T
\[FormalCapitalTau],GREEK CAPITAL LETTER TAU + COMBINING DOT BELOW,INVALID CHARACTER,U+003A4 U+00323,U+0F847,.CapitalTau
\[FormalCapitalTheta],GREEK CAPITAL LETTER THETA,INVALID CHARACTER,U+00398,U+0F83B,.CapitalTheta
\[FormalCapitalU],LATIN CAPITAL LETTER U WITH DOT BELOW,INVALID CHARACTER,U+01EE4,U+0F82E,.U
\[FormalCapitalUpsilon],GREEK CAPITAL LETTER UPSILON + COMBINING DOT BELOW,INVALID CHARACTER,U+003A5 U+00323,U+0F848,.CapitalUpsilon
\[FormalCapitalV],LATIN CAPITAL LETTER V WITH DOT BELOW,INVALID CHARACTER,U+01E7E,U+0F82F,.V
\[FormalCapitalW],LATIN CAPITAL LETTER W WITH DOT BELOW,INVALID CHARACTER,U+01E88,U+0F830,.W
\[FormalCapitalX],LATIN CAPITAL LETTER X + COMBINING DOT BELOW,INVALID CHARACTER,U+00058 U+00323,U+0F831,.X
\[FormalCapitalXi],GREEK CAPITAL LETTER XI + COMBINING DOT BELOW,INVALID CHARACTER,U+0039E U+00323,U+0F841,.CapitalXi
\[FormalCapitalY],LATIN CAPITAL LETTER Y WITH DOT BELOW,INVALID CHARACTER,U+01EF4,U+0F832,.Y
\[FormalCapitalZ],LATIN CAPITAL LETTER Z WITH DOT BELOW,INVALID CHARACTER,U+01E92,U+0F833,.Z
\[FormalCapitalZeta],GREEK CAPITAL LETTER ZETA + COMBINING DOT BELOW,INVALID CHARACTER,U+00396 U+00323,U+0F839,.CapitalZeta
\[FormalChi],GREEK SMALL LETTER CHI + COMBINING DOT BELOW,INVALID CHARACTER,U+003C7 U+00323,U+0F86A,.Chi
\[FormalCurlyCapitalUpsilon],GREEK UPSILON WITH HOOK SYMBOL + COMBINING DOT BELOW,INVALID CHARACTER,U+003D2 U+00323,U+0F875,.CurlyCapitalUpsilon
\[FormalCurlyEpsilon],GREEK SMALL LETTER EPSILON + COMBINING DOT BELOW,INVALID CHARACTER,U+003B5 U+00323,U+0F858,.CurlyEpsilon
\[FormalCurlyKappa],GREEK KAPPA SYMBOL + COMBINING DOT BELOW,INVALID CHARACTER,U+003F0 U+00323,U+0F885,.CurlyKappa
\[FormalCurlyPhi],GREEK SMALL LETTER PHI + COMBINING DOT BELOW,INVALID CHARACTER,U+003C6 U+00323,U+0F869,.CurlyPhi
\[FormalCurlyPi],GREEK PI SYMBOL + COMBINING DOT BELOW,INVALID CHARACTER,U+003D6 U+00323,U+0F879,.CurlyPi
\[FormalCurlyRho],GREEK RHO SYMBOL + COMBINING DOT BELOW,INVALID CHARACTER,U+003F1 U+00323,U+0F886,.CurlyRho
\[FormalCurlyTheta],GREEK THETA SYMBOL + COMBINING DOT BELOW,INVALID CHARACTER,U+003D1 U+00323,U+0F874,.CurlyTheta
\[FormalD],LATIN SMALL LETTER D WITH DOT BELOW,INVALID CHARACTER,U+01E0D,U+0F803,.d
\[FormalDelta],GREEK SMALL LETTER DELTA + COMBINING DOT BELOW,INVALID CHARACTER,U+003B4 U+00323,U+0F857,.Delta
\[FormalDigamma],GREEK SMALL LETTER DIGAMMA,INVALID CHARACTER,U+003DD,U+0F880,.Digamma
\[FormalE],LATIN SMALL LETTER E WITH DOT BELOW,INVALID CHARACTER,U+01EB9,U+0F804,.e
\[FormalEpsilon],GREEK LUNATE EPSILON SYMBOL + COMBINING DOT BELOW,INVALID CHARACTER,U+003F5 U+00323,U+0F88A,.Epsilon
\[FormalEta],GREEK SMALL LETTER ETA + COMBINING DOT BELOW,INVALID CHARACTER,U+003B7 U+00323,U+0F85A,.Eta
\[FormalF],LATIN SMALL LETTER F + COMBINING DOT BELOW,INVALID CHARACTER,U+00066 U+00323,U+0F805,.f
\[FormalFinalSigma],GREEK SMALL LETTER FINAL SIGMA + COMBINING DOT BELOW,INVALID CHARACTER,U+003C2 U+00323,U+0F865,.FinalSigma
\[FormalG],LATIN SMALL LETTER G + COMBINING DOT BELOW,INVALID CHARACTER,U+00067 U+00323,U+0F806,.g
\[FormalGamma],GREEK SMALL LETTER GAMMA + COMBINING DOT BELOW,INVALID CHARACTER,U+003B3 U+00323,U+0F856,.Gamma
\[FormalH],LATIN SMALL LETTER H WITH DOT BELOW,INVALID CHARACTER,U+01E25,U+0F807,.h
\[FormalI],LATIN SMALL LETTER I WITH DOT BELOW,INVALID CHARACTER,U+01ECB,U+0F808,.i
\[FormalIota],GREEK CAPITAL LETTER IOTA + COMBINING DOT BELOW + COMBINING DOT BELOW,INVALID CHARACTER,U+00399 U+00323,U+0F85C,.Iota
\[FormalJ],LATIN SMALL LETTER J + COMBINING DOT BELOW,INVALID CHARACTER,U+0006A U+00323,U+0F809,.j
\[FormalK],LATIN SMALL LETTER K WITH DOT BELOW,INVALID CHARACTER,U+01E33,U+0F80A,.k
\[FormalKappa],GREEK SMALL LETTER KAPPA + COMBINING DOT BELOW,INVALID CHARACTER,U+003BA U+00323,U+0F85D,.Kappa
\[FormalKoppa],GREEK SMALL LETTER KOPPA + COMBINING DOT BELOW,INVALID CHARACTER,U+003DF U+00323,U+0F882,.Koppa
\[FormalL],LATIN SMALL LETTER L WITH DOT BELOW,INVALID CHARACTER,U+01E37,U+0F80B,.l
\[FormalLambda],GREEK SMALL LETTER LAMDA + COMBINING DOT BELOW,INVALID CHARACTER,U+003BB U+00323,U+0F85E,.Lambda
\[FormalM],LATIN SMALL LETTER M + COMBINING DOT BELOW,INVALID CHARACTER,U+0006D U+00323,U+0F80C,.m
\[FormalMu],GREEK SMALL LETTER MU + COMBINING DOT BELOW,INVALID CHARACTER,U+003BC U+00323,U+0F85F,.Mu
\[FormalN],LATIN SMALL LETTER N + COMBINING DOT BELOW,INVALID CHARACTER,U+0006E U+00323,U+0F80D,.n
\[FormalNu],GREEK SMALL LETTER NU + COMBINING DOT BELOW,INVALID CHARACTER,U+003BD U+00323,U+0F860,.Nu
\[FormalO],LATIN SMALL LETTER O + COMBINING DOT BELOW,INVALID CHARACTER,U+0006F U+00323,U+0F80E,.o
\[FormalOmega],GREEK SMALL LETTER OMEGA + COMBINING DOT BELOW,INVALID CHARACTER,U+003C9 U+00323,U+0F86C,.Omega
\[FormalOmicron],GREEK SMALL LETTER OMICRON + COMBINING DOT BELOW,INVALID CHARACTER,U+003BF U+00323,U+0F862,.Omicron
\[FormalP],LATIN SMALL LETTER P + COMBINING DOT BELOW,INVALID CHARACTER,U+00070 U+00323,U+0F80F,.p
\[FormalPhi],GREEK PHI SYMBOL + COMBINING DOT BELOW,INVALID CHARACTER,U+003D5 U+00323,U+0F878,.Phi
\[FormalPi],GREEK SMALL LETTER PI + COMBINING DOT BELOW,INVALID CHARACTER,U+003C0 U+00323,U+0F863,.Pi
\[FormalPsi],GREEK SMALL LETTER PSI + COMBINING DOT BELOW,INVALID CHARACTER,U+003C8 U+00323,U+0F86B,.Psi
\[FormalQ],LATIN SMALL LETTER Q + COMBINING DOT BELOW,INVALID CHARACTER,U+00071 U+00323,U+0F810,.q
\[FormalR],LATIN SMALL LETTER R WITH DOT BELOW,INVALID CHARACTER,U+01E5B,U+0F811,.r
\[FormalRho],GREEK SMALL LETTER RHO + COMBINING DOT BELOW,INVALID CHARACTER,U+003C1 U+00323,U+0F864,.Rho
\[FormalS],LATIN SMALL LETTER S WITH DOT BELOW,INVALID CHARACTER,U+01E63,U+0F812,.s
\[FormalSampi],GREEK SMALL LETTER SAMPI + COMBINING DOT BELOW,INVALID CHARACTER,U+003E1 U+00323,U+0F884,.Sampi
\[FormalSigma],GREEK SMALL LETTER SIGMA + COMBINING DOT BELOW,INVALID CHARACTER,U+003C3 U+00323,U+0F866,.Sigma
\[FormalStigma],GREEK SMALL LETTER STIGMA,INVALID CHARACTER,U+003DB,U+0F87E,.Stigma
\[FormalT],LATIN SMALL LETTER T WITH DOT BELOW,INVALID CHARACTER,U+01E6D,U+0F813,.t
\[FormalTau],GREEK SMALL LETTER TAU + COMBINING DOT BELOW,INVALID CHARACTER,U+003C4 U+00323,U+0F867,.Tau
\[FormalTheta],GREEK SMALL LETTER THETA + COMBINING DOT BELOW,INVALID CHARACTER,U+003B8 U+00323,U+0F85B,.Theta
\[FormalU],LATIN SMALL LETTER U WITH DOT BELOW,INVALID CHARACTER,U+01EE5,U+0F814,.u
\[FormalUpsilon],GREEK SMALL LETTER UPSILON + COMBINING DOT BELOW,INVALID CHARACTER,U+003C5 U+00323,U+0F868,.Upsilon
\[FormalV],LATIN SMALL LETTER V WITH DOT BELOW,INVALID CHARACTER,U+01E7F,U+0F815,.v
\[FormalW],LATIN SMALL LETTER W WITH DOT BELOW,INVALID CHARACTER,U+01E89,U+0F816,.w
\[FormalX],LATIN SMALL LETTER X + COMBINING DOT BELOW,INVALID CHARACTER,U+00078 U+00323,U+0F817,.x
\[FormalXi],GREEK SMALL LETTER XI + COMBINING DOT BELOW,INVALID CHARACTER,U+003BE U+00323,U+0F861,.Xi
\[FormalY],LATIN SMALL LETTER Y WITH DOT BELOW,INVALID CHARACTER,U+01EF5,U+0F818,.y
\[FormalZ],LATIN SMALL LETTER Z WITH DOT BELOW,INVALID CHARACTER,U+01E93,U+0F819,.z
\[FormalZeta],GREEK SMALL LETTER ZETA + COMBINING DOT BELOW,INVALID CHARACTER,U+003B6 U+00323,U+0F859,.Zeta
\[FreakedSmiley],,INVALID CHARACTER,,U+0F721,:-@
\[Function],RIGHTWARDS ARROW FROM BAR,INVALID CHARACTER,U+021A6,U+0F4A1,|||->|
\[Gamma],GREEK SMALL LETTER GAMMA,GREEK SMALL LETTER GAMMA,U+003B3,U+003B3,g
\[GeminiSign],GEMINI,GEMINI,U+0264A,U+0264A,
\[Gimel],GIMEL SYMBOL,GIMEL SYMBOL,U+02137,U+02137,gi
\[GothicA],MATHEMATICAL FRAKTUR SMALL A,INVALID CHARACTER,U+1D51E,U+0F6CC,goa
\[GothicB],MATHEMATICAL FRAKTUR SMALL B,INVALID CHARACTER,U+1D51F,U+0F6CD,gob
\[GothicC],MATHEMATICAL FRAKTUR SMALL C,INVALID CHARACTER,U+1D520,U+0F6CE,goc
\[GothicCapitalA],MATHEMATICAL FRAKTUR CAPITAL A,INVALID CHARACTER,U+1D504,U+0F78A,goA
\[GothicCapitalB],MATHEMATICAL FRAKTUR CAPITAL B,INVALID CHARACTER,U+1D505,U+0F78B,goB
\[GothicCapitalC],BLACK-LETTER CAPITAL C,BLACK-LETTER CAPITAL C,U+0212D,U+0212D,goC
\[GothicCapitalD],MATHEMATICAL FRAKTUR CAPITAL D,INVALID CHARACTER,U+1D507,U+0F78D,goD
\[GothicCapitalE],MATHEMATICAL FRAKTUR CAPITAL E,INVALID CHARACTER,U+1D508,U+0F78E,goE
\[GothicCapitalF],MATHEMATICAL FRAKTUR CAPITAL F,INVALID CHARACTER,U+1D509,U+0F78F,goF
\[GothicCapitalG],MATHEMATICAL FRAKTUR CAPITAL G,INVALID CHARACTER,U+1D50A,U+0F790,goG
\[GothicCapitalH],BLACK-LETTER CAPITAL H,BLACK-LETTER CAPITAL H,U+0210C,U+0210C,goH
\[GothicCapitalI],BLACK-LETTER CAPITAL I,BLACK-LETTER CAPITAL I,U+02111,U+02111,goI
\[GothicCapitalJ],MATHEMATICAL FRAKTUR CAPITAL J,INVALID CHARACTER,U+1D50D,U+0F793,goJ
\[GothicCapitalK],MATHEMATICAL FRAKTUR CAPITAL K,INVALID CHARACTER,U+1D50E,U+0F794,goK
\[GothicCapitalL],MATHEMATICAL FRAKTUR CAPITAL L,INVALID CHARACTER,U+1D50F,U+0F795,goL
\[GothicCapitalM],MATHEMATICAL FRAKTUR CAPITAL M,INVALID CHARACTER,U+1D510,U+0F796,goM
\[GothicCapitalN],MATHEMATICAL FRAKTUR CAPITAL N,INVALID CHARACTER,U+1D511,U+0F797,goN
\[GothicCapitalO],MATHEMATICAL FRAKTUR CAPITAL O,INVALID CHARACTER,U+1D512,U+0F798,goO
\[GothicCapitalP],MATHEMATICAL FRAKTUR CAPITAL P,INVALID CHARACTER,U+1D513,U+0F799,goP
\[GothicCapitalQ],MATHEMATICAL FRAKTUR CAPITAL Q,INVALID CHARACTER,U+1D514,U+0F79A,goQ
\[GothicCapitalR],BLACK-LETTER CAPITAL R,BLACK-LETTER CAPITAL R,U+0211C,U+0211C,goR
\[GothicCapitalS],MATHEMATICAL FRAKTUR CAPITAL S,INVALID CHARACTER,U+1D516,U+0F79C,goS
\[GothicCapitalT],MATHEMATICAL FRAKTUR CAPITAL T,INVALID CHARACTER,U+1D517,U+0F79D,goT
\[GothicCapitalU],MATHEMATICAL FRAKTUR CAPITAL U,INVALID CHARACTER,U+1D518,U+0F79E,goU
\[GothicCapitalV],MATHEMATICAL FRAKTUR CAPITAL V,INVALID CHARACTER,U+1D519,U+0F79F,goV
\[GothicCapitalW],MATHEMATICAL FRAKTUR CAPITAL W,INVALID CHARACTER,U+1D51A,U+0F7A0,goW
\[GothicCapitalX],MATHEMATICAL FRAKTUR CAPITAL X,INVALID CHARACTER,U+1D51B,U+0F7A1,goX
\[GothicCapitalY],MATHEMATICAL FRAKTUR CAPITAL Y,INVALID CHARACTER,U+1D51C,U+0F7A2,goY
\[GothicCapitalZ],BLACK-LETTER CAPITAL Z,BLACK-LETTER CAPITAL Z,U+02128,U+02128,goZ
\[GothicD],MATHEMATICAL FRAKTUR SMALL D,INVALID CHARACTER,U+1D521,U+0F6CF,god
\[GothicE],MATHEMATICAL FRAKTUR SMALL E,INVALID CHARACTER,U+1D522,U+0F6D0,goe
\[GothicEight],,INVALID CHARACTER,,U+0F7ED,go8
\[GothicF],MATHEMATICAL FRAKTUR SMALL F,INVALID CHARACTER,U+1D523,U+0F6D1,gof
\[GothicFive],,INVALID CHARACTER,,U+0F7EA,go5
\[GothicFour],,INVALID CHARACTER,,U+0F7E9,go4
\[GothicG],MATHEMATICAL FRAKTUR SMALL G,INVALID CHARACTER,U+1D524,U+0F6D2,gog
\[GothicH],MATHEMATICAL FRAKTUR SMALL H,INVALID CHARACTER,U+1D525,U+0F6D3,goh
\[GothicI],MATHEMATICAL FRAKTUR SMALL I,INVALID CHARACTER,U+1D526,U+0F6D4,goi
\[GothicJ],MATHEMATICAL FRAKTUR SMALL J,INVALID CHARACTER,U+1D527,U+0F6D5,goj
\[GothicK],MATHEMATICAL FRAKTUR SMALL K,INVALID CHARACTER,U+1D528,U+0F6D6,gok
\[GothicL],MATHEMATICAL FRAKTUR SMALL L,INVALID CHARACTER,U+1D529,U+0F6D7,gol
\[GothicM],MATHEMATICAL FRAKTUR SMALL M,INVALID CHARACTER,U+1D52A,U+0F6D8,gom
\[GothicN],MATHEMATICAL FRAKTUR SMALL N,INVALID CHARACTER,U+1D52B,U+0F6D9,gon
\[GothicNine],,INVALID CHARACTER,,U+0F7EF,go9
\[GothicO],MATHEMATICAL FRAKTUR SMALL O,INVALID CHARACTER,U+1D52C,U+0F6DA,goo
\[GothicOne],,INVALID CHARACTER,,U+0F7E6,go1
\[GothicP],MATHEMATICAL FRAKTUR SMALL P,INVALID CHARACTER,U+1D52D,U+0F6DB,gop
\[GothicQ],MATHEMATICAL FRAKTUR SMALL Q,INVALID CHARACTER,U+1D52E,U+0F6DC,goq
\[GothicR],MATHEMATICAL FRAKTUR SMALL R,INVALID CHARACTER,U+1D52F,U+0F6DD,gor
\[GothicS],MATHEMATICAL FRAKTUR SMALL S,INVALID CHARACTER,U+1D530,U+0F6DE,gos
\[GothicSeven],,INVALID CHARACTER,,U+0F7EC,go7
\[GothicSix],,INVALID CHARACTER,,U+0F7EB,go6
\[GothicT],MATHEMATICAL FRAKTUR SMALL T,INVALID CHARACTER,U+1D531,U+0F6DF,got
\[GothicThree],,INVALID CHARACTER,,U+0F7E8,go3
\[GothicTwo],,INVALID CHARACTER,,U+0F7E7,go2
\[GothicU],MATHEMATICAL FRAKTUR SMALL U,INVALID CHARACTER,U+1D532,U+0F6E0,gou
\[GothicV],MATHEMATICAL FRAKTUR SMALL V,INVALID CHARACTER,U+1D533,U+0F6E1,gov
\[GothicW],MATHEMATICAL FRAKTUR SMALL W,INVALID CHARACTER,U+1D534,U+0F6E2,gow
\[GothicX],MATHEMATICAL FRAKTUR SMALL X,INVALID CHARACTER,U+1D535,U+0F6E3,gox
\[GothicY],MATHEMATICAL FRAKTUR SMALL Y,INVALID CHARACTER,U+1D536,U+0F6E4,goy
\[GothicZ],MATHEMATICAL FRAKTUR SMALL Z,INVALID CHARACTER,U+1D537,U+0F6E5,goz
\[GothicZero],,INVALID CHARACTER,,U+0F7E5,go0
\[GrayCircle],BLACK CIRCLE,INVALID CHARACTER,U+025CF,U+0F753,gci
\[GraySquare],BLACK SQUARE,INVALID CHARACTER,U+025A0,U+0F752,gsq
\[GreaterEqualLess],GREATER-THAN EQUAL TO OR LESS-THAN,GREATER-THAN EQUAL TO OR LESS-THAN,U+022DB,U+022DB,
\[GreaterEqual],GREATER-THAN OR EQUAL TO,GREATER-THAN OR EQUAL TO,U+02265,U+02265,>=
\[GreaterFullEqual],GREATER-THAN OVER EQUAL TO,GREATER-THAN OVER EQUAL TO,U+02267,U+02267,
\[GreaterGreater],MUCH GREATER-THAN,MUCH GREATER-THAN,U+0226B,U+0226B,
\[GreaterLess],GREATER-THAN OR LESS-THAN,GREATER-THAN OR LESS-THAN,U+02277,U+02277,
\[GreaterSlantEqual],GREATER-THAN OR SLANTED EQUAL TO,GREATER-THAN OR SLANTED EQUAL TO,U+02A7E,U+02A7E,>/
\[GreaterTilde],GREATER-THAN OR EQUIVALENT TO,GREATER-THAN OR EQUIVALENT TO,U+02273,U+02273,>~
\[Hacek],CARON,CARON,U+002C7,U+002C7,hck
\[HappySmiley],WHITE SMILING FACE,WHITE SMILING FACE,U+0263A,U+0263A,:)
\[HBar],PLANCK CONSTANT OVER TWO PI,PLANCK CONSTANT OVER TWO PI,U+0210F,U+0210F,hb
\[HeartSuit],WHITE HEART SUIT,WHITE HEART SUIT,U+02661,U+02661,
\[HermitianConjugate],,INVALID CHARACTER,U+0F3CE,U+0F3CE,hc
\[HorizontalLine],BOX DRAWINGS LIGHT HORIZONTAL,BOX DRAWINGS LIGHT HORIZONTAL,U+02500,U+02500,hline
\[HumpDownHump],GEOMETRICALLY EQUIVALENT TO,GEOMETRICALLY EQUIVALENT TO,U+0224E,U+0224E,
\[HumpEqual],DIFFERENCE BETWEEN,DIFFERENCE BETWEEN,U+0224F,U+0224F,h=
\[Hyphen],HYPHEN,HYPHEN,U+02010,U+02010,hy
\[IAcute],LATIN SMALL LETTER I WITH ACUTE,LATIN SMALL LETTER I WITH ACUTE,U+000ED,U+000ED,i'
\[ICup],LATIN SMALL LETTER I WITH BREVE,LATIN SMALL LETTER I WITH BREVE,U+0012D,U+0012D,iu
\[IDoubleDot],LATIN SMALL LETTER I WITH DIAERESIS,LATIN SMALL LETTER I WITH DIAERESIS,U+000EF,U+000EF,i
\[IGrave],LATIN SMALL LETTER I WITH GRAVE,LATIN SMALL LETTER I WITH GRAVE,U+000EC,U+000EC,i`
\[IHat],LATIN SMALL LETTER I WITH CIRCUMFLEX,LATIN SMALL LETTER I WITH CIRCUMFLEX,U+000EE,U+000EE,i^
\[ImaginaryI],DOUBLE-STRUCK ITALIC SMALL I,INVALID CHARACTER,U+02148,U+0F74E,ii
\[ImaginaryJ],DOUBLE-STRUCK ITALIC SMALL J,INVALID CHARACTER,U+02149,U+0F74F,jj
\[ImplicitPlus],,INVALID CHARACTER,,U+0F39E,+
\[Implies],LONG RIGHTWARDS DOUBLE ARROW,INVALID CHARACTER,U+027F9,U+0F523,Err:510
\[Infinity],INFINITY,INFINITY,U+0221E,U+0221E,inf
\[Integral],INTEGRAL,INTEGRAL,U+0222B,U+0222B,int
\[Intersection],N-ARY INTERSECTION,N-ARY INTERSECTION,U+022C2,U+022C2,inter
\[InvisibleApplication],,INVALID CHARACTER,,U+0F76D,@
\[InvisibleComma],,INVALID CHARACTER,,U+0F765,
\[InvisiblePostfixScriptBase],,INVALID CHARACTER,,U+0F3B4,-i
\[InvisiblePrefixScriptBase],,INVALID CHARACTER,,U+0F3B3,i-
\[InvisibleSpace],,INVALID CHARACTER,,U+0F360,is
\[InvisibleTimes],,INVISIBLE TIMES,,U+02062,
\[Iota],GREEK SMALL LETTER IOTA,GREEK SMALL LETTER IOTA,U+003B9,U+003B9,i
\[Jupiter],JUPITER,JUPITER,U+02643,U+02643,
\[Kappa],GREEK SMALL LETTER KAPPA,GREEK SMALL LETTER KAPPA,U+003BA,U+003BA,k
\[KernelIcon],,INVALID CHARACTER,,U+0F756,
\[Koppa],GREEK SMALL LETTER KOPPA,GREEK SMALL LETTER KOPPA,U+003DF,U+003DF,ko
\[Lambda],GREEK SMALL LETTER LAMDA,GREEK SMALL LETTER LAMDA,U+003BB,U+003BB,l
\[LastPage],,INVALID CHARACTER,,U+0F7FB,
\[LeftAngleBracket],LEFT-POINTING ANGLE BRACKET,LEFT-POINTING ANGLE BRACKET,U+02329,U+02329,<
\[LeftArrowBar],LEFTWARDS ARROW TO BAR,LEFTWARDS ARROW TO BAR,U+021E4,U+021E4,
\[LeftArrow],LEFTWARDS ARROW,LEFTWARDS ARROW,U+02190,U+02190,<-
\[LeftArrowRightArrow],LEFTWARDS ARROW OVER RIGHTWARDS ARROW,LEFTWARDS ARROW OVER RIGHTWARDS ARROW,U+021C6,U+021C6,
\[LeftAssociation],,INVALID CHARACTER,,U+0F113,|<|||
\[LeftBracketingBar],VERTICAL LINE,INVALID CHARACTER,U+0007C,U+0F603,|l|||
\[LeftCeiling],LEFT CEILING,LEFT CEILING,U+02308,U+02308,lc
\[LeftDoubleBracket],LEFT WHITE SQUARE BRACKET,LEFT WHITE SQUARE BRACKET,U+0301A,U+0301A,[[
\[LeftDoubleBracketingBar],DOUBLE VERTICAL LINE,INVALID CHARACTER,U+02016,U+0F605,|l|||||
\[LeftDownTeeVector],DOWNWARDS HARPOON WITH BARB LEFT FROM BAR,DOWNWARDS HARPOON WITH BARB LEFT FROM BAR,U+02961,U+02961,
\[LeftDownVectorBar],DOWNWARDS HARPOON WITH BARB LEFT TO BAR,DOWNWARDS HARPOON WITH BARB LEFT TO BAR,U+02959,U+02959,
\[LeftDownVector],DOWNWARDS HARPOON WITH BARB LEFTWARDS,DOWNWARDS HARPOON WITH BARB LEFTWARDS,U+021C3,U+021C3,
\[LeftFloor],LEFT FLOOR,LEFT FLOOR,U+0230A,U+0230A,lf
\[LeftGuillemet],LEFT-POINTING DOUBLE ANGLE QUOTATION MARK,LEFT-POINTING DOUBLE ANGLE QUOTATION MARK,U+000AB,U+000AB,g<<
\[LeftModified],,INVALID CHARACTER,,U+0F76B,[
\[LeftPointer],BLACK LEFT-POINTING SMALL TRIANGLE,BLACK LEFT-POINTING SMALL TRIANGLE,U+025C2,U+025C2,
\[LeftRightArrow],LEFT RIGHT ARROW,LEFT RIGHT ARROW,U+02194,U+02194,<->
\[LeftRightVector],LEFT BARB UP RIGHT BARB UP HARPOON,LEFT BARB UP RIGHT BARB UP HARPOON,U+0294E,U+0294E,
\[LeftSkeleton],LEFT-POINTING DOUBLE ANGLE QUOTATION MARK,INVALID CHARACTER,U+000AB,U+0F761,
\[LeftTee],LEFT TACK,LEFT TACK,U+022A3,U+022A3,lT
\[LeftTeeArrow],LEFTWARDS ARROW FROM BAR,LEFTWARDS ARROW FROM BAR,U+021A4,U+021A4,
\[LeftTeeVector],LEFTWARDS HARPOON WITH BARB UP FROM BAR,LEFTWARDS HARPOON WITH BARB UP FROM BAR,U+0295A,U+0295A,
\[LeftTriangle],NORMAL SUBGROUP OF,NORMAL SUBGROUP OF,U+022B2,U+022B2,
\[LeftTriangleBar],LEFT TRIANGLE BESIDE VERTICAL BAR,LEFT TRIANGLE BESIDE VERTICAL BAR,U+029CF,U+029CF,
\[LeftTriangleEqual],NORMAL SUBGROUP OF OR EQUAL TO,NORMAL SUBGROUP OF OR EQUAL TO,U+022B4,U+022B4,
\[LeftUpDownVector],UP BARB LEFT DOWN BARB LEFT HARPOON,UP BARB LEFT DOWN BARB LEFT HARPOON,U+02951,U+02951,
\[LeftUpTeeVector],UPWARDS HARPOON WITH BARB LEFT FROM BAR,UPWARDS HARPOON WITH BARB LEFT FROM BAR,U+02960,U+02960,
\[LeftUpVector],UPWARDS HARPOON WITH BARB LEFTWARDS,UPWARDS HARPOON WITH BARB LEFTWARDS,U+021BF,U+021BF,
\[LeftUpVectorBar],UPWARDS HARPOON WITH BARB LEFT TO BAR,UPWARDS HARPOON WITH BARB LEFT TO BAR,U+02958,U+02958,
\[LeftVector],LEFTWARDS HARPOON WITH BARB UPWARDS,LEFTWARDS HARPOON WITH BARB UPWARDS,U+021BC,U+021BC,
\[LeftVectorBar],LEFTWARDS HARPOON WITH BARB UP TO BAR,LEFTWARDS HARPOON WITH BARB UP TO BAR,U+02952,U+02952,
\[LeoSign],LEO,LEO,U+0264C,U+0264C,
\[LessEqual],LESS-THAN OR EQUAL TO,LESS-THAN OR EQUAL TO,U+02264,U+02264,<=
\[LessEqualGreater],LESS-THAN EQUAL TO OR GREATER-THAN,LESS-THAN EQUAL TO OR GREATER-THAN,U+022DA,U+022DA,
\[LessFullEqual],LESS-THAN OVER EQUAL TO,LESS-THAN OVER EQUAL TO,U+02266,U+02266,
\[LessGreater],LESS-THAN OR GREATER-THAN,LESS-THAN OR GREATER-THAN,U+02276,U+02276,
\[LessLess],MUCH LESS-THAN,MUCH LESS-THAN,U+0226A,U+0226A,
\[LessSlantEqual],LESS-THAN OR SLANTED EQUAL TO,LESS-THAN OR SLANTED EQUAL TO,U+02A7D,U+02A7D,</
\[LessTilde],LESS-THAN OR EQUIVALENT TO,LESS-THAN OR EQUIVALENT TO,U+02272,U+02272,<~
\[LetterSpace],,INVALID CHARACTER,,U+0F754,_
\[LibraSign],LIBRA,LIBRA,U+0264E,U+0264E,
\[LightBulb],,INVALID CHARACTER,,U+0F723,
\[LongDash],EM DASH,EM DASH,U+02014,U+02014,--
\[LongEqual],EQUALS SIGN,INVALID CHARACTER,U+0003D,U+0F7D9,l=
\[LongLeftArrow],LONG LEFTWARDS ARROW,LONG LEFTWARDS ARROW,U+027F5,U+027F5,<--
\[LongLeftRightArrow],LONG LEFT RIGHT ARROW,LONG LEFT RIGHT ARROW,U+027F7,U+027F7,<-->
\[LongRightArrow],LONG RIGHTWARDS ARROW,LONG RIGHTWARDS ARROW,U+027F6,U+027F6,-->
\[LowerLeftArrow],SOUTH WEST ARROW,SOUTH WEST ARROW,U+02199,U+02199,
\[LowerRightArrow],SOUTH EAST ARROW,SOUTH EAST ARROW,U+02198,U+02198,
\[LSlash],LATIN SMALL LETTER L WITH STROKE,LATIN SMALL LETTER L WITH STROKE,U+00142,U+00142,l/
\[Mars],MALE SIGN,MALE SIGN,U+02642,U+02642,
\[MathematicaIcon],,INVALID CHARACTER,,U+0F757,math
\[MeasuredAngle],MEASURED ANGLE,MEASURED ANGLE,U+02221,U+02221,
\[MediumSpace],,MEDIUM MATHEMATICAL SPACE,,U+0205F,
\[Mercury],MERCURY,MERCURY,U+0263F,U+0263F,
\[Mho],INVERTED OHM SIGN,INVERTED OHM SIGN,U+02127,U+02127,mho
\[Micro],MICRO SIGN,MICRO SIGN,U+000B5,U+000B5,mi
\[MinusPlus],MINUS-OR-PLUS SIGN,MINUS-OR-PLUS SIGN,U+02213,U+02213,-+
\[Mu],GREEK SMALL LETTER MU,GREEK SMALL LETTER MU,U+003BC,U+003BC,m
\[Nand],NAND,NAND,U+022BC,U+022BC,nand
\[Natural],MUSIC NATURAL SIGN,MUSIC NATURAL SIGN,U+0266E,U+0266E,
\[NegativeMediumSpace],,INVALID CHARACTER,,U+0F383,-   
\[NegativeThickSpace],,INVALID CHARACTER,,U+0F384,-    
\[NegativeThinSpace],,INVALID CHARACTER,,U+0F382,-  
\[NegativeVeryThinSpace],,INVALID CHARACTER,,U+0F380,- 
\[Neptune],NEPTUNE,NEPTUNE,U+02646,U+02646,
\[NestedGreaterGreater],DOUBLE NESTED GREATER-THAN,DOUBLE NESTED GREATER-THAN,U+02AA2,U+02AA2,
\[NestedLessLess],DOUBLE NESTED LESS-THAN,DOUBLE NESTED LESS-THAN,U+02AA1,U+02AA1,
\[NeutralSmiley],,INVALID CHARACTER,,U+0F722,|:-|||
\[NHacek],LATIN SMALL LETTER N WITH CARON,LATIN SMALL LETTER N WITH CARON,U+00148,U+00148,nv
\[NoBreak],,WORD JOINER,,U+02060,nb
\[NonBreakingSpace],,NO-BREAK SPACE,,U+000A0,nbs
\[Nor],NOR,NOR,U+022BD,U+022BD,nor
\[NotCongruent],NOT IDENTICAL TO,NOT IDENTICAL TO,U+02262,U+02262,!===
\[NotCupCap],NOT EQUIVALENT TO,NOT EQUIVALENT TO,U+0226D,U+0226D,
\[NotDoubleVerticalBar],NOT PARALLEL TO,NOT PARALLEL TO,U+02226,U+02226,|!|||||
\[NotElement],NOT AN ELEMENT OF,NOT AN ELEMENT OF,U+02209,U+02209,!el
\[NotEqual],NOT EQUAL TO,NOT EQUAL TO,U+02260,U+02260,!=
\[NotEqualTilde],,INVALID CHARACTER,,U+0F400,!=~
\[NotExists],THERE DOES NOT EXIST,THERE DOES NOT EXIST,U+02204,U+02204,!ex
\[NotGreater],NOT GREATER-THAN,NOT GREATER-THAN,U+0226F,U+0226F,!>
\[NotGreaterEqual],NEITHER GREATER-THAN NOR EQUAL TO,NEITHER GREATER-THAN NOR EQUAL TO,U+02271,U+02271,!>=
\[NotGreaterFullEqual],GREATER-THAN BUT NOT EQUAL TO,GREATER-THAN BUT NOT EQUAL TO,U+02269,U+02269,
\[NotGreaterGreater],,INVALID CHARACTER,,U+0F427,
\[NotGreaterLess],NEITHER GREATER-THAN NOR LESS-THAN,NEITHER GREATER-THAN NOR LESS-THAN,U+02279,U+02279,
\[NotGreaterSlantEqual],,INVALID CHARACTER,,U+0F429,!>/
\[NotGreaterTilde],NEITHER GREATER-THAN NOR EQUIVALENT TO,NEITHER GREATER-THAN NOR EQUIVALENT TO,U+02275,U+02275,!>~
\[NotHumpDownHump],,INVALID CHARACTER,,U+0F402,
\[NotHumpEqual],,INVALID CHARACTER,,U+0F401,!h=
\[NotLeftTriangle],NOT NORMAL SUBGROUP OF,NOT NORMAL SUBGROUP OF,U+022EA,U+022EA,
\[NotLeftTriangleBar],,INVALID CHARACTER,,U+0F412,
\[NotLeftTriangleEqual],NOT NORMAL SUBGROUP OF OR EQUAL TO,NOT NORMAL SUBGROUP OF OR EQUAL TO,U+022EC,U+022EC,
\[NotLessEqual],NEITHER LESS-THAN NOR EQUAL TO,NEITHER LESS-THAN NOR EQUAL TO,U+02270,U+02270,!<=
\[NotLessFullEqual],LESS-THAN BUT NOT EQUAL TO,LESS-THAN BUT NOT EQUAL TO,U+02268,U+02268,
\[NotLessGreater],NEITHER LESS-THAN NOR GREATER-THAN,NEITHER LESS-THAN NOR GREATER-THAN,U+02278,U+02278,
\[NotLess],NOT LESS-THAN,NOT LESS-THAN,U+0226E,U+0226E,!<
\[NotLessLess],,INVALID CHARACTER,,U+0F422,
\[NotLessSlantEqual],,INVALID CHARACTER,,U+0F424,!</
\[NotLessTilde],NEITHER LESS-THAN NOR EQUIVALENT TO,NEITHER LESS-THAN NOR EQUIVALENT TO,U+02274,U+02274,!<~
\[Not],,NOT SIGN,,U+000AC,!
\[NotNestedGreaterGreater],,INVALID CHARACTER,,U+0F428,
\[NotNestedLessLess],,INVALID CHARACTER,,U+0F423,
\[NotPrecedes],DOES NOT PRECEDE,DOES NOT PRECEDE,U+02280,U+02280,
\[NotPrecedesEqual],,INVALID CHARACTER,,U+0F42B,
\[NotPrecedesSlantEqual],DOES NOT PRECEDE OR EQUAL,DOES NOT PRECEDE OR EQUAL,U+022E0,U+022E0,
\[NotPrecedesTilde],PRECEDES BUT NOT EQUIVALENT TO,PRECEDES BUT NOT EQUIVALENT TO,U+022E8,U+022E8,
\[NotReverseElement],DOES NOT CONTAIN AS MEMBER,DOES NOT CONTAIN AS MEMBER,U+0220C,U+0220C,!mem
\[NotRightTriangle],DOES NOT CONTAIN AS NORMAL SUBGROUP,DOES NOT CONTAIN AS NORMAL SUBGROUP,U+022EB,U+022EB,
\[NotRightTriangleBar],,INVALID CHARACTER,,U+0F413,
\[NotRightTriangleEqual],DOES NOT CONTAIN AS NORMAL SUBGROUP OR EQUAL,DOES NOT CONTAIN AS NORMAL SUBGROUP OR EQUAL,U+022ED,U+022ED,
\[NotSquareSubset],,INVALID CHARACTER,,U+0F42E,
\[NotSquareSubsetEqual],NOT SQUARE IMAGE OF OR EQUAL TO,NOT SQUARE IMAGE OF OR EQUAL TO,U+022E2,U+022E2,
\[NotSquareSuperset],,INVALID CHARACTER,,U+0F42F,
\[NotSquareSupersetEqual],NOT SQUARE ORIGINAL OF OR EQUAL TO,NOT SQUARE ORIGINAL OF OR EQUAL TO,U+022E3,U+022E3,
\[NotSubset],NOT A SUBSET OF,NOT A SUBSET OF,U+02284,U+02284,!sub
\[NotSubsetEqual],NEITHER A SUBSET OF NOR EQUAL TO,NEITHER A SUBSET OF NOR EQUAL TO,U+02288,U+02288,!sub=
\[NotSucceeds],DOES NOT SUCCEED,DOES NOT SUCCEED,U+02281,U+02281,
\[NotSucceedsEqual],,INVALID CHARACTER,,U+0F42D,
\[NotSucceedsSlantEqual],DOES NOT SUCCEED OR EQUAL,DOES NOT SUCCEED OR EQUAL,U+022E1,U+022E1,
\[NotSucceedsTilde],SUCCEEDS BUT NOT EQUIVALENT TO,SUCCEEDS BUT NOT EQUIVALENT TO,U+022E9,U+022E9,
\[NotSuperset],NOT A SUPERSET OF,NOT A SUPERSET OF,U+02285,U+02285,!sup
\[NotSupersetEqual],NEITHER A SUPERSET OF NOR EQUAL TO,NEITHER A SUPERSET OF NOR EQUAL TO,U+02289,U+02289,!sup=
\[NotTilde],NOT TILDE,NOT TILDE,U+02241,U+02241,!~
\[NotTildeEqual],NOT ASYMPTOTICALLY EQUAL TO,NOT ASYMPTOTICALLY EQUAL TO,U+02244,U+02244,!~=
\[NotTildeFullEqual],NEITHER APPROXIMATELY NOR ACTUALLY EQUAL TO,NEITHER APPROXIMATELY NOR ACTUALLY EQUAL TO,U+02247,U+02247,!~==
\[NotTildeTilde],NOT ALMOST EQUAL TO,NOT ALMOST EQUAL TO,U+02249,U+02249,!~~
\[NotVerticalBar],DOES NOT DIVIDE,INVALID CHARACTER,,U+0F3D1,|!|||
\[NTilde],LATIN SMALL LETTER N WITH TILDE,LATIN SMALL LETTER N WITH TILDE,U+000F1,U+000F1,n~
\[Nu],GREEK SMALL LETTER NU,GREEK SMALL LETTER NU,U+003BD,U+003BD,n
\[Null],,INVALID CHARACTER,,U+0F3A0,null
\[NumberSign],NUMBER SIGN,INVALID CHARACTER,U+00023,U+0F724,#
\[OAcute],LATIN SMALL LETTER O WITH ACUTE,LATIN SMALL LETTER O WITH ACUTE,U+000F3,U+000F3,o'
\[ODoubleAcute],LATIN SMALL LETTER O WITH DOUBLE ACUTE,LATIN SMALL LETTER O WITH DOUBLE ACUTE,U+00151,U+00151,o''
\[ODoubleDot],LATIN SMALL LETTER O WITH DIAERESIS,LATIN SMALL LETTER O WITH DIAERESIS,U+000F6,U+000F6,o
\[OE],LATIN SMALL LIGATURE OE,LATIN SMALL LIGATURE OE,U+00153,U+00153,oe
\[OGrave],LATIN SMALL LETTER O WITH GRAVE,LATIN SMALL LETTER O WITH GRAVE,U+000F2,U+000F2,o`
\[OHat],LATIN SMALL LETTER O WITH CIRCUMFLEX,LATIN SMALL LETTER O WITH CIRCUMFLEX,U+000F4,U+000F4,o^
\[Omega],GREEK SMALL LETTER OMEGA,GREEK SMALL LETTER OMEGA,U+003C9,U+003C9,o
\[Omicron],GREEK SMALL LETTER OMICRON,GREEK SMALL LETTER OMICRON,U+003BF,U+003BF,om
\[OpenCurlyDoubleQuote],LEFT DOUBLE QUOTATION MARK,LEFT DOUBLE QUOTATION MARK,U+0201C,U+0201C,[
\[OpenCurlyQuote],LEFT SINGLE QUOTATION MARK,LEFT SINGLE QUOTATION MARK,U+02018,U+02018,['
\[OptionKey],,INVALID CHARACTER,,U+0F7D2,opt
\[Or],LOGICAL OR,LOGICAL OR,U+02228,U+02228,||||||
\[OSlash],LATIN SMALL LETTER O WITH STROKE,LATIN SMALL LETTER O WITH STROKE,U+000F8,U+000F8,o/
\[OTilde],LATIN SMALL LETTER O WITH TILDE,LATIN SMALL LETTER O WITH TILDE,U+000F5,U+000F5,o~
\[OverBrace],PRESENTATION FORM FOR VERTICAL LEFT CURLY BRACKET,PRESENTATION FORM FOR VERTICAL LEFT CURLY BRACKET,U+0FE37,U+0FE37,o{
\[OverBracket],TOP SQUARE BRACKET,TOP SQUARE BRACKET,U+023B4,U+023B4,o[
\[OverParenthesis],PRESENTATION FORM FOR VERTICAL LEFT PARENTHESIS,PRESENTATION FORM FOR VERTICAL LEFT PARENTHESIS,U+0FE35,U+0FE35,o(
\[Paragraph],PILCROW SIGN,PILCROW SIGN,U+000B6,U+000B6,
\[PartialD],PARTIAL DIFFERENTIAL,PARTIAL DIFFERENTIAL,U+02202,U+02202,pd
\[PermutationProduct],CIRCLED DOT OPERATOR,INVALID CHARACTER,U+02299,U+0F3DE,
\[Perpendicular],PERPENDICULAR,PERPENDICULAR,U+027C2,U+027C2,
\[Phi],GREEK PHI SYMBOL,GREEK PHI SYMBOL,U+003D5,U+003D5,ph
\[Pi],GREEK SMALL LETTER PI,GREEK SMALL LETTER PI,U+003C0,U+003C0,p
\[Piecewise],,INVALID CHARACTER,,U+0F361,pw
\[PiscesSign],PISCES,PISCES,U+02653,U+02653,
\[Placeholder],APL FUNCTIONAL SYMBOL QUAD,INVALID CHARACTER,U+02395,U+0F528,pl
\[PlusMinus],PLUS-MINUS SIGN,PLUS-MINUS SIGN,U+000B1,U+000B1,+-
\[Pluto],PLUTO,PLUTO,U+02647,U+02647,
\[Precedes],PRECEDES,PRECEDES,U+0227A,U+0227A,
\[PrecedesEqual],PRECEDES ABOVE SINGLE-LINE EQUALS SIGN,PRECEDES ABOVE SINGLE-LINE EQUALS SIGN,U+02AAF,U+02AAF,
\[PrecedesSlantEqual],PRECEDES OR EQUAL TO,PRECEDES OR EQUAL TO,U+0227C,U+0227C,
\[PrecedesTilde],PRECEDES OR EQUIVALENT TO,PRECEDES OR EQUIVALENT TO,U+0227E,U+0227E,
\[Prime],PRIME,PRIME,U+02032,U+02032,'
\[Product],N-ARY PRODUCT,N-ARY PRODUCT,U+0220F,U+0220F,prod
\[Proportion],PROPORTION,PROPORTION,U+02237,U+02237,
\[Proportional],PROPORTIONAL TO,PROPORTIONAL TO,U+0221D,U+0221D,prop
\[Psi],GREEK SMALL LETTER PSI,GREEK SMALL LETTER PSI,U+003C8,U+003C8,ps
\[QuarterNote],QUARTER NOTE,QUARTER NOTE,U+02669,U+02669,
\[RawAmpersand],AMPERSAND,AMPERSAND,U+00026,U+00026,
\[RawAt],COMMERCIAL AT,COMMERCIAL AT,U+00040,U+00040,
\[RawBackquote],GRAVE ACCENT,GRAVE ACCENT,U+00060,U+00060,
\[RawBackslash],REVERSE SOLIDUS,REVERSE SOLIDUS,U+0005C,U+0005C,
\[RawColon],COLON,COLON,U+0003A,U+0003A,
\[RawComma],,",",,U+0002C,
\[RawDash],HYPHEN-MINUS,HYPHEN-MINUS,U+0002D,U+0002D,
\[RawDollar],DOLLAR SIGN,DOLLAR SIGN,U+00024,U+00024,
\[RawDot],FULL STOP,FULL STOP,U+0002E,U+0002E,
\[RawDoubleQuote],,INVALID CHARACTER,,U+00022,
\[RawEqual],EQUALS SIGN,EQUALS SIGN,U+0003D,U+0003D,
\[RawEscape],,INVALID CHARACTER,,U+0001B,
\[RawExclamation],EXCLAMATION MARK,EXCLAMATION MARK,U+00021,U+00021,
\[RawGreater],GREATER-THAN SIGN,GREATER-THAN SIGN,U+0003E,U+0003E,
\[RawLeftBrace],LEFT CURLY BRACKET,LEFT CURLY BRACKET,U+0007B,U+0007B,
\[RawLeftBracket],LEFT SQUARE BRACKET,LEFT SQUARE BRACKET,U+0005B,U+0005B,
\[RawLeftParenthesis],LEFT PARENTHESIS,LEFT PARENTHESIS,U+00028,U+00028,
\[RawLess],LESS-THAN SIGN,LESS-THAN SIGN,U+0003C,U+0003C,
\[RawNumberSign],NUMBER SIGN,NUMBER SIGN,U+00023,U+00023,
\[RawPercent],PERCENT SIGN,PERCENT SIGN,U+00025,U+00025,
\[RawPlus],PLUS SIGN,PLUS SIGN,U+0002B,U+0002B,
\[RawQuestion],QUESTION MARK,QUESTION MARK,U+0003F,U+0003F,
\[RawQuote],APOSTROPHE,APOSTROPHE,U+00027,U+00027,
\[RawRightBrace],RIGHT CURLY BRACKET,RIGHT CURLY BRACKET,U+0007D,U+0007D,
\[RawRightBracket],RIGHT SQUARE BRACKET,RIGHT SQUARE BRACKET,U+0005D,U+0005D,
\[RawRightParenthesis],RIGHT PARENTHESIS,RIGHT PARENTHESIS,U+00029,U+00029,
\[RawSemicolon],,SEMICOLON,,U+0003B,
\[RawSlash],SOLIDUS,SOLIDUS,U+0002F,U+0002F,
\[RawSpace],,INVALID CHARACTER,,,
\[RawStar],ASTERISK,ASTERISK,U+0002A,U+0002A,
\[RawTab],,INVALID CHARACTER,,U+00009,
\[RawTilde],TILDE,TILDE,U+0007E,U+0007E,
\[RawUnderscore],LOW LINE,LOW LINE,U+0005F,U+0005F,
\[RawVerticalBar],|,|,U+0007C,U+0007C,
\[RawWedge],CIRCUMFLEX ACCENT,CIRCUMFLEX ACCENT,U+0005E,U+0005E,
\[RegisteredTrademark],REGISTERED SIGN,REGISTERED SIGN,U+000AE,U+000AE,rtm
\[ReturnIndicator],DOWNWARDS ARROW WITH CORNER LEFTWARDS,DOWNWARDS ARROW WITH CORNER LEFTWARDS,U+021B5,U+021B5,ret
\[ReturnKey],,INVALID CHARACTER,U+0F766,U+0F766,ret
\[ReverseDoublePrime],REVERSED DOUBLE PRIME,REVERSED DOUBLE PRIME,U+02036,U+02036,``
\[ReverseElement],CONTAINS AS MEMBER,CONTAINS AS MEMBER,U+0220B,U+0220B,mem
\[ReverseEquilibrium],LEFTWARDS HARPOON OVER RIGHTWARDS HARPOON,LEFTWARDS HARPOON OVER RIGHTWARDS HARPOON,U+021CB,U+021CB,
\[ReversePrime],REVERSED PRIME,REVERSED PRIME,U+02035,U+02035,`
\[ReverseUpEquilibrium],DOWNWARDS HARPOON WITH BARB LEFT BESIDE UPWARDS HARPOON WITH BARB RIGHT,DOWNWARDS HARPOON WITH BARB LEFT BESIDE UPWARDS HARPOON WITH BARB RIGHT,U+0296F,U+0296F,
\[RHacek],LATIN SMALL LETTER R WITH CARON,LATIN SMALL LETTER R WITH CARON,U+00159,U+00159,rv
\[Rho],GREEK SMALL LETTER RHO,GREEK SMALL LETTER RHO,U+003C1,U+003C1,r
\[RightAngle],RIGHT ANGLE,RIGHT ANGLE,U+0221F,U+0221F,
\[RightAngleBracket],RIGHT-POINTING ANGLE BRACKET,RIGHT-POINTING ANGLE BRACKET,U+0232A,U+0232A,>
\[RightArrow],RIGHTWARDS ARROW,RIGHTWARDS ARROW,U+02192,U+02192,->
\[RightArrowBar],RIGHTWARDS ARROW TO BAR,RIGHTWARDS ARROW TO BAR,U+021E5,U+021E5,
\[RightArrowLeftArrow],RIGHTWARDS ARROW OVER LEFTWARDS ARROW,RIGHTWARDS ARROW OVER LEFTWARDS ARROW,U+021C4,U+021C4,
\[RightAssociation],,INVALID CHARACTER,,U+0F114,|||>|
\[RightBracketingBar],VERTICAL LINE,INVALID CHARACTER,U+0007C,U+0F604,|r|||
\[RightCeiling],RIGHT CEILING,RIGHT CEILING,U+02309,U+02309,rc
\[RightDoubleBracket],RIGHT WHITE SQUARE BRACKET,RIGHT WHITE SQUARE BRACKET,U+0301B,U+0301B,]]
\[RightDoubleBracketingBar],DOUBLE VERTICAL LINE,INVALID CHARACTER,U+02016,U+0F606,|r|||||
\[RightDownTeeVector],DOWNWARDS HARPOON WITH BARB RIGHT FROM BAR,DOWNWARDS HARPOON WITH BARB RIGHT FROM BAR,U+0295D,U+0295D,
\[RightDownVector],DOWNWARDS HARPOON WITH BARB RIGHTWARDS,DOWNWARDS HARPOON WITH BARB RIGHTWARDS,U+021C2,U+021C2,
\[RightDownVectorBar],DOWNWARDS HARPOON WITH BARB RIGHT TO BAR,DOWNWARDS HARPOON WITH BARB RIGHT TO BAR,U+02955,U+02955,
\[RightFloor],RIGHT FLOOR,RIGHT FLOOR,U+0230B,U+0230B,rf
\[RightGuillemet],RIGHT-POINTING DOUBLE ANGLE QUOTATION MARK,RIGHT-POINTING DOUBLE ANGLE QUOTATION MARK,U+000BB,U+000BB,g>>
\[RightModified],,INVALID CHARACTER,,U+0F76C,]
\[RightPointer],BLACK RIGHT-POINTING SMALL TRIANGLE,BLACK RIGHT-POINTING SMALL TRIANGLE,U+025B8,U+025B8,
\[RightSkeleton],RIGHT-POINTING DOUBLE ANGLE QUOTATION MARK,INVALID CHARACTER,U+000BB,U+0F762,
\[RightTee],RIGHT TACK,RIGHT TACK,U+022A2,U+022A2,rT
\[RightTeeArrow],RIGHTWARDS ARROW FROM BAR,RIGHTWARDS ARROW FROM BAR,U+021A6,U+021A6,
\[RightTeeVector],RIGHTWARDS HARPOON WITH BARB UP FROM BAR,RIGHTWARDS HARPOON WITH BARB UP FROM BAR,U+0295B,U+0295B,
\[RightTriangle],CONTAINS AS NORMAL SUBGROUP,CONTAINS AS NORMAL SUBGROUP,U+022B3,U+022B3,
\[RightTriangleBar],VERTICAL BAR BESIDE RIGHT TRIANGLE,VERTICAL BAR BESIDE RIGHT TRIANGLE,U+029D0,U+029D0,
\[RightTriangleEqual],CONTAINS AS NORMAL SUBGROUP OR EQUAL TO,CONTAINS AS NORMAL SUBGROUP OR EQUAL TO,U+022B5,U+022B5,
\[RightUpDownVector],UP BARB RIGHT DOWN BARB RIGHT HARPOON,UP BARB RIGHT DOWN BARB RIGHT HARPOON,U+0294F,U+0294F,
\[RightUpTeeVector],UPWARDS HARPOON WITH BARB RIGHT FROM BAR,UPWARDS HARPOON WITH BARB RIGHT FROM BAR,U+0295C,U+0295C,
\[RightUpVector],UPWARDS HARPOON WITH BARB RIGHTWARDS,UPWARDS HARPOON WITH BARB RIGHTWARDS,U+021BE,U+021BE,
\[RightUpVectorBar],UPWARDS HARPOON WITH BARB RIGHT TO BAR,UPWARDS HARPOON WITH BARB RIGHT TO BAR,U+02954,U+02954,
\[RightVector],RIGHTWARDS HARPOON WITH BARB UPWARDS,RIGHTWARDS HARPOON WITH BARB UPWARDS,U+021C0,U+021C0,vec
\[RightVectorBar],RIGHTWARDS HARPOON WITH BARB UP TO BAR,RIGHTWARDS HARPOON WITH BARB UP TO BAR,U+02953,U+02953,
\[RoundImplies],RIGHT DOUBLE ARROW WITH ROUNDED HEAD,RIGHT DOUBLE ARROW WITH ROUNDED HEAD,U+02970,U+02970,
\[RoundSpaceIndicator],,INVALID CHARACTER,,U+0F3B2,
\[Rule],RIGHTWARDS ARROW,INVALID CHARACTER,U+02192,U+0F522,->
\[RuleDelayed],RULE-DELAYED,INVALID CHARACTER,U+029F4,U+0F51F,:>
\[SadSmiley],WHITE FROWNING FACE,WHITE FROWNING FACE,U+02639,U+02639,:-(
\[SagittariusSign],SAGITTARIUS,SAGITTARIUS,U+02650,U+02650,
\[Sampi],GREEK SMALL LETTER SAMPI,GREEK LETTER SAMPI,U+003E1,U+003E0,sa
\[Saturn],SATURN,SATURN,U+02644,U+02644,
\[ScorpioSign],SCORPIUS,SCORPIUS,U+0264F,U+0264F,
\[ScriptA],MATHEMATICAL SCRIPT SMALL A,INVALID CHARACTER,U+1D4B6,U+0F6B2,sca
\[ScriptB],MATHEMATICAL SCRIPT SMALL B,INVALID CHARACTER,U+1D4B7,U+0F6B3,scb
\[ScriptC],MATHEMATICAL SCRIPT SMALL C,INVALID CHARACTER,U+1D4B8,U+0F6B4,scc
\[ScriptCapitalA],MATHEMATICAL SCRIPT CAPITAL A,INVALID CHARACTER,U+1D49C,U+0F770,scA
\[ScriptCapitalB],SCRIPT CAPITAL B,SCRIPT CAPITAL B,U+0212C,U+0212C,scB
\[ScriptCapitalC],MATHEMATICAL SCRIPT CAPITAL C,INVALID CHARACTER,U+1D49E,U+0F772,scC
\[ScriptCapitalD],MATHEMATICAL SCRIPT CAPITAL D,INVALID CHARACTER,U+1D49F,U+0F773,scD
\[ScriptCapitalE],SCRIPT CAPITAL E,SCRIPT CAPITAL E,U+02130,U+02130,scE
\[ScriptCapitalF],SCRIPT CAPITAL F,SCRIPT CAPITAL F,U+02131,U+02131,scF
\[ScriptCapitalG],MATHEMATICAL SCRIPT CAPITAL G,INVALID CHARACTER,U+1D4A2,U+0F776,scG
\[ScriptCapitalH],SCRIPT CAPITAL H,SCRIPT CAPITAL H,U+0210B,U+0210B,scH
\[ScriptCapitalI],SCRIPT CAPITAL I,SCRIPT CAPITAL I,U+02110,U+02110,scI
\[ScriptCapitalJ],MATHEMATICAL SCRIPT CAPITAL J,INVALID CHARACTER,U+1D4A5,U+0F779,scJ
\[ScriptCapitalK],MATHEMATICAL SCRIPT CAPITAL K,INVALID CHARACTER,U+1D4A6,U+0F77A,scK
\[ScriptCapitalL],SCRIPT CAPITAL L,SCRIPT CAPITAL L,U+02112,U+02112,scL
\[ScriptCapitalM],SCRIPT CAPITAL M,SCRIPT CAPITAL M,U+02133,U+02133,scM
\[ScriptCapitalN],MATHEMATICAL SCRIPT CAPITAL N,INVALID CHARACTER,U+1D4A9,U+0F77D,scN
\[ScriptCapitalO],MATHEMATICAL SCRIPT CAPITAL O,INVALID CHARACTER,U+1D4AA,U+0F77E,scO
\[ScriptCapitalP],MATHEMATICAL SCRIPT CAPITAL P,SCRIPT CAPITAL P,U+1D4AB,U+02118,scP
\[ScriptCapitalQ],MATHEMATICAL SCRIPT CAPITAL Q,INVALID CHARACTER,U+1D4AC,U+0F780,scQ
\[ScriptCapitalR],SCRIPT CAPITAL R,SCRIPT CAPITAL R,U+0211B,U+0211B,scR
\[ScriptCapitalS],MATHEMATICAL SCRIPT CAPITAL S,INVALID CHARACTER,U+1D4AE,U+0F782,scS
\[ScriptCapitalT],MATHEMATICAL SCRIPT CAPITAL T,INVALID CHARACTER,U+1D4AF,U+0F783,scT
\[ScriptCapitalU],MATHEMATICAL SCRIPT CAPITAL U,INVALID CHARACTER,U+1D4B0,U+0F784,scU
\[ScriptCapitalV],MATHEMATICAL SCRIPT CAPITAL V,INVALID CHARACTER,U+1D4B1,U+0F785,scV
\[ScriptCapitalW],MATHEMATICAL SCRIPT CAPITAL W,INVALID CHARACTER,U+1D4B2,U+0F786,scW
\[ScriptCapitalX],MATHEMATICAL SCRIPT CAPITAL X,INVALID CHARACTER,U+1D4B3,U+0F787,scX
\[ScriptCapitalY],MATHEMATICAL SCRIPT CAPITAL Y,INVALID CHARACTER,U+1D4B4,U+0F788,scY
\[ScriptCapitalZ],MATHEMATICAL SCRIPT CAPITAL Z,INVALID CHARACTER,U+1D4B5,U+0F789,scZ
\[ScriptD],MATHEMATICAL SCRIPT SMALL D,INVALID CHARACTER,U+1D4B9,U+0F6B5,scd
\[ScriptDotlessI],MATHEMATICAL SCRIPT SMALL I,INVALID CHARACTER,U+1D4BE,U+0F730,
\[ScriptDotlessJ],MATHEMATICAL SCRIPT SMALL J,INVALID CHARACTER,U+1D4BF,U+0F731,
\[ScriptE],SCRIPT SMALL E,SCRIPT SMALL E,U+0212F,U+0212F,sce
\[ScriptEight],,INVALID CHARACTER,,U+0F7F8,sc8
\[ScriptF],MATHEMATICAL SCRIPT SMALL F,INVALID CHARACTER,U+1D4BB,U+0F6B7,scf
\[ScriptFive],,INVALID CHARACTER,,U+0F7F5,sc5
\[ScriptFour],,INVALID CHARACTER,,U+0F7F4,sc4
\[ScriptG],SCRIPT SMALL G,SCRIPT SMALL G,U+0210A,U+0210A,scg
\[ScriptH],MATHEMATICAL SCRIPT SMALL H,INVALID CHARACTER,U+1D4BD,U+0F6B9,sch
\[ScriptI],MATHEMATICAL SCRIPT SMALL I,INVALID CHARACTER,U+1D4BE,U+0F6BA,sci
\[ScriptJ],MATHEMATICAL SCRIPT SMALL J,INVALID CHARACTER,U+1D4BF,U+0F6BB,scj
\[ScriptK],MATHEMATICAL SCRIPT SMALL K,INVALID CHARACTER,U+1D4C0,U+0F6BC,sck
\[ScriptL],SCRIPT SMALL L,SCRIPT SMALL L,U+02113,U+02113,scl
\[ScriptM],MATHEMATICAL SCRIPT SMALL M,INVALID CHARACTER,U+1D4C2,U+0F6BE,scm
\[ScriptN],MATHEMATICAL SCRIPT SMALL N,INVALID CHARACTER,U+1D4C3,U+0F6BF,scn
\[ScriptNine],,INVALID CHARACTER,,U+0F7F9,sc9
\[ScriptO],SCRIPT SMALL O,SCRIPT SMALL O,U+02134,U+02134,sco
\[ScriptOne],,INVALID CHARACTER,,U+0F7F1,sc1
\[ScriptP],MATHEMATICAL SCRIPT SMALL P,INVALID CHARACTER,U+1D4C5,U+0F6C1,scp
\[ScriptQ],MATHEMATICAL SCRIPT SMALL Q,INVALID CHARACTER,U+1D4C6,U+0F6C2,scq
\[ScriptR],MATHEMATICAL SCRIPT SMALL R,INVALID CHARACTER,U+1D4C7,U+0F6C3,scr
\[ScriptS],MATHEMATICAL SCRIPT SMALL S,INVALID CHARACTER,U+1D4C8,U+0F6C4,scs
\[ScriptSeven],,INVALID CHARACTER,,U+0F7F7,sc7
\[ScriptSix],,INVALID CHARACTER,,U+0F7F6,sc6
\[ScriptT],MATHEMATICAL SCRIPT SMALL T,INVALID CHARACTER,U+1D4C9,U+0F6C5,sct
\[ScriptThree],,INVALID CHARACTER,,U+0F7F3,sc3
\[ScriptTwo],,INVALID CHARACTER,,U+0F7F2,sc2
\[ScriptU],MATHEMATICAL SCRIPT SMALL U,INVALID CHARACTER,U+1D4CA,U+0F6C6,scu
\[ScriptV],MATHEMATICAL SCRIPT SMALL V,INVALID CHARACTER,U+1D4CB,U+0F6C7,scv
\[ScriptW],MATHEMATICAL SCRIPT SMALL W,INVALID CHARACTER,U+1D4CC,U+0F6C8,scw
\[ScriptX],MATHEMATICAL SCRIPT SMALL X,INVALID CHARACTER,U+1D4CD,U+0F6C9,scx
\[ScriptY],MATHEMATICAL SCRIPT SMALL Y,INVALID CHARACTER,U+1D4CE,U+0F6CA,scy
\[ScriptZ],MATHEMATICAL SCRIPT SMALL Z,INVALID CHARACTER,U+1D4CF,U+0F6CB,scz
\[ScriptZero],,INVALID CHARACTER,,U+0F7F0,sc0
\[Section],SECTION SIGN,SECTION SIGN,U+000A7,U+000A7,
\[SelectionPlaceholder],,INVALID CHARACTER,,U+0F527,spl
\[SHacek],LATIN SMALL LETTER S WITH CARON,LATIN SMALL LETTER S WITH CARON,U+00161,U+00161,sv
\[Sharp],MUSIC SHARP SIGN,MUSIC SHARP SIGN,U+0266F,U+0266F,
\[ShortDownArrow],DOWNWARDS ARROW,INVALID CHARACTER,U+02193,U+0F52B,
\[ShortLeftArrow],LEFTWARDS ARROW,INVALID CHARACTER,U+02190,U+0F526,
\[ShortRightArrow],RIGHTWARDS ARROW,INVALID CHARACTER,U+02192,U+0F525,
\[ShortUpArrow],UPWARDS ARROW,INVALID CHARACTER,U+02191,U+0F52A,
\[Sigma],GREEK SMALL LETTER SIGMA,GREEK SMALL LETTER SIGMA,U+003C3,U+003C3,s
\[SixPointedStar],SIX POINTED BLACK STAR,SIX POINTED BLACK STAR,U+02736,U+02736,*6
\[SkeletonIndicator],HYPHEN BULLET,HYPHEN BULLET,U+02043,U+02043,
\[SmallCircle],RING OPERATOR,RING OPERATOR,U+02218,U+02218,sc
\[SpaceIndicator],OPEN BOX,OPEN BOX,U+02423,U+02423,space
\[SpaceKey],,INVALID CHARACTER,,U+0F7BF,spc
\[SpadeSuit],BLACK SPADE SUIT,BLACK SPADE SUIT,U+02660,U+02660,
\[SpanFromAbove],VERTICAL ELLIPSIS,INVALID CHARACTER,U+022EE,U+0F3BB,sfa
\[SpanFromBoth],DOWN RIGHT DIAGONAL ELLIPSIS,INVALID CHARACTER,U+022F1,U+0F3BC,sfb
\[SpanFromLeft],MIDLINE HORIZONTAL ELLIPSIS,INVALID CHARACTER,U+022EF,U+0F3BA,sfl
\[SphericalAngle],SPHERICAL ANGLE,SPHERICAL ANGLE,U+02222,U+02222,
\[Sqrt],SQUARE ROOT,SQUARE ROOT,U+0221A,U+0221A,sqrt
\[Square],WHITE SMALL SQUARE,INVALID CHARACTER,U+025AB,U+0F520,sq
\[SquareIntersection],SQUARE CAP,SQUARE CAP,U+02293,U+02293,
\[SquareSubset],SQUARE IMAGE OF,SQUARE IMAGE OF,U+0228F,U+0228F,
\[SquareSubsetEqual],SQUARE IMAGE OF OR EQUAL TO,SQUARE IMAGE OF OR EQUAL TO,U+02291,U+02291,
\[SquareSuperset],SQUARE ORIGINAL OF,SQUARE ORIGINAL OF,U+02290,U+02290,
\[SquareSupersetEqual],SQUARE ORIGINAL OF OR EQUAL TO,SQUARE ORIGINAL OF OR EQUAL TO,U+02292,U+02292,
\[SquareUnion],SQUARE CUP,SQUARE CUP,U+02294,U+02294,
\[Star],STAR OPERATOR,STAR OPERATOR,U+022C6,U+022C6,star
\[Sterling],POUND SIGN,POUND SIGN,U+000A3,U+000A3,
\[Stigma],GREEK SMALL LETTER STIGMA,GREEK SMALL LETTER STIGMA,U+003DB,U+003DB,sti
\[Subset],SUBSET OF,SUBSET OF,U+02282,U+02282,sub
\[SubsetEqual],SUBSET OF OR EQUAL TO,SUBSET OF OR EQUAL TO,U+02286,U+02286,sub=
\[Succeeds],SUCCEEDS,SUCCEEDS,U+0227B,U+0227B,
\[SucceedsEqual],SUCCEEDS ABOVE SINGLE-LINE EQUALS SIGN,SUCCEEDS ABOVE SINGLE-LINE EQUALS SIGN,U+02AB0,U+02AB0,
\[SucceedsSlantEqual],SUCCEEDS OR EQUAL TO,SUCCEEDS OR EQUAL TO,U+0227D,U+0227D,
\[SucceedsTilde],SUCCEEDS OR EQUIVALENT TO,SUCCEEDS OR EQUIVALENT TO,U+0227F,U+0227F,
\[SuchThat],SMALL CONTAINS AS MEMBER,SMALL CONTAINS AS MEMBER,U+0220D,U+0220D,st
\[Sum],N-ARY SUMMATION,N-ARY SUMMATION,U+02211,U+02211,sum
\[Superset],SUPERSET OF,SUPERSET OF,U+02283,U+02283,sup
\[SupersetEqual],SUPERSET OF OR EQUAL TO,SUPERSET OF OR EQUAL TO,U+02287,U+02287,sup=
\[SystemEnterKey],,INVALID CHARACTER,,U+0F75F,
\[SystemsModelDelay],,INVALID CHARACTER,,U+0F3AF,
\[SZ],LATIN SMALL LETTER SHARP S,LATIN SMALL LETTER SHARP S,U+000DF,U+000DF,sz
\[TabKey],,INVALID CHARACTER,,U+0F7BE,tab
\[Tau],GREEK SMALL LETTER TAU,GREEK SMALL LETTER TAU,U+003C4,U+003C4,t
\[TaurusSign],TAURUS,TAURUS,U+02649,U+02649,
\[TensorProduct],CIRCLED TIMES,INVALID CHARACTER,U+02297,U+0F3DA,
\[TensorWedge],,INVALID CHARACTER,,U+0F3DB,
\[THacek],LATIN SMALL LETTER T WITH CARON,LATIN SMALL LETTER T WITH CARON,U+00165,U+00165,tv
\[Therefore],THEREFORE,THEREFORE,U+02234,U+02234,tf
\[Theta],GREEK SMALL LETTER THETA,GREEK SMALL LETTER THETA,U+003B8,U+003B8,th
\[ThickSpace],FOUR-PER-EM SPACE,FOUR-PER-EM SPACE,U+02005,U+02005,
\[ThinSpace],,THIN SPACE,,U+02009,
\[Thorn],LATIN SMALL LETTER THORN,LATIN SMALL LETTER THORN,U+000FE,U+000FE,thn
\[Tilde],TILDE OPERATOR,TILDE OPERATOR,U+0223C,U+0223C,~
\[TildeEqual],ASYMPTOTICALLY EQUAL TO,ASYMPTOTICALLY EQUAL TO,U+02243,U+02243,~=
\[TildeFullEqual],APPROXIMATELY EQUAL TO,APPROXIMATELY EQUAL TO,U+02245,U+02245,~==
\[TildeTilde],ALMOST EQUAL TO,ALMOST EQUAL TO,U+02248,U+02248,~~
\[Times],MULTIPLICATION SIGN,MULTIPLICATION SIGN,U+000D7,U+000D7,*
\[Trademark],TRADE MARK SIGN,TRADE MARK SIGN,U+02122,U+02122,tm
\[Transpose],MODIFIER LETTER CAPITAL T,INVALID CHARACTER,U+01D40,U+0F3C7,tr
\[TripleDot],MIDLINE HORIZONTAL ELLIPSIS,INVALID CHARACTER,U+022EF,U+0F758,
\[UAcute],LATIN SMALL LETTER U WITH ACUTE,LATIN SMALL LETTER U WITH ACUTE,U+000FA,U+000FA,u'
\[UDoubleAcute],LATIN SMALL LETTER U WITH DOUBLE ACUTE,LATIN SMALL LETTER U WITH DOUBLE ACUTE,U+00171,U+00171,u''
\[UDoubleDot],LATIN SMALL LETTER U WITH DIAERESIS,LATIN SMALL LETTER U WITH DIAERESIS,U+000FC,U+000FC,u
\[UGrave],LATIN SMALL LETTER U WITH GRAVE,LATIN SMALL LETTER U WITH GRAVE,U+000F9,U+000F9,u`
\[UHat],LATIN SMALL LETTER U WITH CIRCUMFLEX,LATIN SMALL LETTER U WITH CIRCUMFLEX,U+000FB,U+000FB,u^
\[UnderBrace],PRESENTATION FORM FOR VERTICAL RIGHT CURLY BRACKET,PRESENTATION FORM FOR VERTICAL RIGHT CURLY BRACKET,U+0FE38,U+0FE38,u{
\[UnderBracket],BOTTOM SQUARE BRACKET,BOTTOM SQUARE BRACKET,U+023B5,U+023B5,u[
\[UnderParenthesis],PRESENTATION FORM FOR VERTICAL RIGHT PARENTHESIS,PRESENTATION FORM FOR VERTICAL RIGHT PARENTHESIS,U+0FE36,U+0FE36,u(
\[UndirectedEdge],LEFT RIGHT ARROW,INVALID CHARACTER,U+02194,U+0F3D4,ue
\[Union],N-ARY UNION,N-ARY UNION,U+022C3,U+022C3,un
\[UnionPlus],MULTISET UNION,MULTISET UNION,U+0228E,U+0228E,
\[UpArrow],UPWARDS ARROW,UPWARDS ARROW,U+02191,U+02191,
\[UpArrowBar],UPWARDS ARROW TO BAR,UPWARDS ARROW TO BAR,U+02912,U+02912,
\[UpArrowDownArrow],UPWARDS ARROW LEFTWARDS OF DOWNWARDS ARROW,UPWARDS ARROW LEFTWARDS OF DOWNWARDS ARROW,U+021C5,U+021C5,
\[UpDownArrow],UP DOWN ARROW,UP DOWN ARROW,U+02195,U+02195,
\[UpEquilibrium],UPWARDS HARPOON WITH BARB LEFT BESIDE DOWNWARDS HARPOON WITH BARB RIGHT,UPWARDS HARPOON WITH BARB LEFT BESIDE DOWNWARDS HARPOON WITH BARB RIGHT,U+0296E,U+0296E,
\[UpperLeftArrow],NORTH WEST ARROW,NORTH WEST ARROW,U+02196,U+02196,
\[UpperRightArrow],NORTH EAST ARROW,NORTH EAST ARROW,U+02197,U+02197,
\[UpPointer],BLACK UP-POINTING SMALL TRIANGLE,BLACK UP-POINTING SMALL TRIANGLE,U+025B4,U+025B4,
\[Upsilon],GREEK SMALL LETTER UPSILON,GREEK SMALL LETTER UPSILON,U+003C5,U+003C5,u
\[UpTee],UP TACK,UP TACK,U+022A5,U+022A5,uT
\[UpTeeArrow],UPWARDS ARROW FROM BAR,UPWARDS ARROW FROM BAR,U+021A5,U+021A5,
\[Uranus],ASTRONOMICAL SYMBOL FOR URANUS,URANUS,U+026E2,U+02645,
\[URing],LATIN SMALL LETTER U WITH RING ABOVE,LATIN SMALL LETTER U WITH RING ABOVE,U+0016F,U+0016F,uo
\[Vee],N-ARY LOGICAL OR,N-ARY LOGICAL OR,U+022C1,U+022C1,v
\[Venus],FEMALE SIGN,FEMALE SIGN,U+02640,U+02640,
\[VerticalBar],|,,U+0007C,U+0F3D0, |||||||
\[VerticalEllipsis],VERTICAL ELLIPSIS,VERTICAL ELLIPSIS,U+022EE,U+022EE,
\[VerticalLine],BOX DRAWINGS LIGHT VERTICAL,BOX DRAWINGS LIGHT VERTICAL,U+02502,U+02502,vline
\[VerticalSeparator],,INVALID CHARACTER,,U+0F432,||||
\[VerticalTilde],WREATH PRODUCT,WREATH PRODUCT,U+02240,U+02240,
\[VeryThinSpace],HAIR SPACE,HAIR SPACE,U+0200A,U+0200A,
\[VirgoSign],VIRGO,VIRGO,U+0264D,U+0264D,
\[WarningSign],,INVALID CHARACTER,U+0F725,U+0F725,
\[WatchIcon],WATCH,WATCH,U+0231A,U+0231A,
\[Wedge],N-ARY LOGICAL AND,N-ARY LOGICAL AND,U+022C0,U+022C0,^
\[WeierstrassP],SCRIPT CAPITAL P,SCRIPT CAPITAL P,U+02118,U+02118,wp
\[WhiteBishop],WHITE CHESS BISHOP,WHITE CHESS BISHOP,U+02657,U+02657,
\[WhiteKing],WHITE CHESS KING,WHITE CHESS KING,U+02654,U+02654,
\[WhiteKnight],WHITE CHESS KNIGHT,WHITE CHESS KNIGHT,U+02658,U+02658,
\[WhitePawn],WHITE CHESS PAWN,WHITE CHESS PAWN,U+02659,U+02659,
\[WhiteQueen],WHITE CHESS QUEEN,WHITE CHESS QUEEN,U+02655,U+02655,
\[WhiteRook],WHITE CHESS ROOK,WHITE CHESS ROOK,U+02656,U+02656,
\[Wolf],,INVALID CHARACTER,,U+0F720,wf
\[WolframLanguageLogo],,INVALID CHARACTER,,U+0F11E,
\[WolframLanguageLogoCircle],,INVALID CHARACTER,,U+0F11F,
\[Xi],GREEK SMALL LETTER XI,GREEK SMALL LETTER XI,U+003BE,U+003BE,x
\[Xnor],,INVALID CHARACTER,,U+0F4A2,xnor
\[Xor],XOR,XOR,U+022BB,U+022BB,xor
\[YAcute],LATIN SMALL LETTER Y WITH ACUTE,LATIN SMALL LETTER Y WITH ACUTE,U+000FD,U+000FD,y'
\[YDoubleDot],LATIN SMALL LETTER Y WITH DIAERESIS,LATIN SMALL LETTER Y WITH DIAERESIS,U+000FF,U+000FF,y
\[Yen],YEN SIGN,YEN SIGN,U+000A5,U+000A5,
\[Zeta],GREEK SMALL LETTER ZETA,GREEK SMALL LETTER ZETA,U+003B6,U+003B6,z
\[ZHacek],LATIN SMALL LETTER Z WITH CARON,LATIN SMALL LETTER Z WITH CARON,U+0017E,U+0017E,zv
